id_film,titre_original,annee_sortie,duree,genres,acteurs,personnage_film,directeur,moyenne_notes,nombre_votes,description_en,popularite,chemin_affiche,description_fr,trailer_url,video_id,index_original
tt10081788,L'oiseau de paradis,2020,89,['Drama'],"['Sebastian Urzendowsky', 'Blanche-Neige Huri', 'Patrick Descamps']","['Teivi', 'Yasmina', 'Député Gilot']",['Paul Manate'],5.2,27.0,"While Teivi is just a typical ambitious young man from the Tahitian golden youth, his distant cousin, Yasmina, is a full-blooded Maori owner of a mysterious gift that isolates her from the world. When  their paths clash, she will determinedly give full vent to her hided magic powers.",1.359,/bFb8rrph39j9lHK0vyevfDA4Zyk.jpg,"Jeune assistant parlementaire métis, amoral et séducteur, Teivi revoit un jour Yasmina, une lointaine cousine maorie aux pouvoirs mystiques, qui lui fait une étrange prédiction. Mais en proie à des malaises hallucinatoires et empêtré dans une affaire de corruption immobilière, Teivi perd pied.  Persuadé que Yasmina peut le guérir, il part à sa recherche et chemine jusqu’à la presqu’île fantasmagorique de Tahiti.  L’Oiseau de paradis raconte un Tahiti intime et légendaire, métis et vivant. Un conte mystique et contemporain sur le plus beau des paradis perdus.",,,0
tt10143308,Tout nous sourit,2020,101,['Comedy'],"['Elsa Zylberstein', 'Stéphane De Groodt', 'Guy Marchand']","['Audrey Pottier', 'Jérôme Pottier', 'Henri Pottier']",['Mélissa Drigeard'],5.4,371.0,"The members of an apparently happy couple, each with their respective lovers, have the same idea: spending the weekend at their holiday home. Finding each other there is only the beginning of an awkward and hilarious weekend.",2.68,/uyZG3WYk3oUqbRYunL92N8MFzZT.jpg,"Tout sourit à Audrey et Jérôme. Ils ont trois merveilleux enfants et leurs métiers les passionnent. Le temps d’un week-end, ils partent chacun de leur côté... Avec leurs amants respectifs. Sauf qu’ils ont la même idée : aller dans leur maison de campagne. Quand ils se retrouvent nez à nez, c'est l'explosion. Arrivent alors les parents d’Audrey, puis leurs enfants et enfin sa sœur. Le quatuor n’a pas d’autre choix que jouer la comédie pour sauver les apparences. Mais très vite le vernis et les nerfs craquent...",https://www.youtube.com/watch?v=MmMTCKiipOI,MmMTCKiipOI,1
tt10233406,Les blagues de Toto,2020,84,"['Comedy', 'Family']","['Gavril Dartevelle', 'Guillaume de Tonquédec', 'Anne Marivin']","['Toto', 'Jérôme, le papa de Toto', 'Sylvie, la maman de Toto']",['Pascal Bourdiaux'],4.0,190.0,"Back-to-school! For troublemaker Toto, it’s the best playground for fooling around. When a sculpture collapses during the opening of a museum, Toto is immediately blamed.  To prove his innocence, Toto has no other option but making a pact with Igor, the school nerd. In exchange for his help, Toto will help Igor being cool.  The unlikely duo turns into little detectives. A fun and exciting adventure begins…",3.014,/4tZzPJHuszU7SxcqYTh7KH6cwBW.jpg,"A l’école, Toto est bien plus doué pour faire rire ses copains qu’écouter les leçons de la maîtresse. Avec ses parents aussi, les blagues de Toto se transforment souvent en catastrophes… La dernière en date ? La chute d’une sculpture pendant un évènement organisé par le patron de son père. Mais cette fois-ci, Toto assure qu’il est innocent et refuse d’être accusé d’une bêtise que pour une fois, il n’a pas faite ! Avec ses meilleurs amis, il va mener l’enquête.",https://www.youtube.com/watch?v=oZThB7gPKIk,oZThB7gPKIk,2
tt10251538,10 jours sans maman,2020,104,"['Comedy', 'Family']","['Franck Dubosc', 'Aure Atika', 'Alice David']","['Antoine Mercier', 'Isabelle Mercier', 'Julia']",['Ludovic Bernard'],5.4,1297.0,"Antoine is the Head of HR of a big company. Managing people is his thing, so when his overwhelmed wife suddenly decides to go on holiday and leave him with the responsibility of the house and their four kids, he knows it will be a piece of cake for him. But Antoine has drastically underestimated the mess that four mischievous kids can cause...",7.75,/xEbSztKAAwIljX8A537HeZDKXUS.jpg,"Antoine, DRH d'une grande enseigne de bricolage, est en passe de devenir le numéro 1 de sa boîte. C'est le moment que choisit sa femme, Isabelle, pour faire une pause et prendre l'air quelques jours pour s'occuper d'elle. Antoine se retrouve alors seul à devoir gérer la maison et leur quatre enfants. Il est vite dépassé par les événements !",https://www.youtube.com/watch?v=uK4kF5Wa20U,uK4kF5Wa20U,3
tt10369344,L'aventure des Marguerite,2020,89,"['Comedy', 'Family', 'Fantasy']","['Lila Gueneau', 'Lila Gueneau', 'Alice Pol']","['Margot', 'Marguerite', 'Tante Alice']",['Pierre Coré'],6.1,342.0,"Margot and Marguerite are 12-year-old girls who seem no different from any other youngsters with the usual family and peer problems. While they appear to have similar faces and body shapes, they wear different clothes and hairstyles, but the biggest difference between them is that one lives in 1942 and the other in 2020. When the girls crawled into a wooden chest they were magically sent into each other’s timeline, and because the girls look so similar their family and friends do not notice the swap.",3.531,/dneHtelc4qqqOJzzaGzpixjA88W.jpg,"Marguerite et Margot ont toutes les deux douze ans, avec chacune sa famille, ses copains, ses problèmes... Et son époque. Car l’une vit en 1942 et l’autre en 2018. Mais c’est sans compter sur une mystérieuse malle magique qui les transporte chacune dans l’époque de l’autre. Margot et Marguerite ont un autre point commun : leur père n’est plus là, disparu en pleine 2ème Guerre Mondiale ou n’habitant plus à la maison. À 70 ans d’écart, elles se lancent dans une grande aventure pour retrouver leurs présents, explorant l’Histoire, mais aussi la mémoire de leurs familles.",https://www.youtube.com/watch?v=po1cM7egniA,po1cM7egniA,4
tt10392128,Attention au départ !,2021,93,['Comedy'],"['André Dussollier', 'Jérôme Commandeur', 'Jonathan Lambert']","['Antoine', 'Benjamin', 'Michaud']",['Benjamin Euvrard'],5.2,397.0,"Finally, the holidays are here! Vlad and his friends are so excited! Jérôme, Vlad’s father, is in charge. André, the grandfather of Jeanne and Basile, is also here to help. Six kids, two adults, an eight-hour train trip. Nothing could go wrong. But Jérôme and André miss the train… and watch it leave the station with the kids on board. It’s the beginning of a crazy race for the unlikely duo. While the unsupervised children go wild and have the time of their life, André and Jérôme go through various delays and adventures…",4.913,/89JKGiDKxIaW3Hieficws0eiBLr.jpg,"Rater le train, c'est moche. Alors le voir partir avec vos enfants et ceux de vos amis dont vous avez la charge, c’est une autre histoire… Celle de la folle course-poursuite de Benjamin, papa poule un peu dépassé et Antoine, grand-père fantasque, qui doivent trouver une solution avant qu’on apprenne… qu’ils ont perdu les gosses ! Rattraper le train est leur seule chance de se rattraper...",https://www.youtube.com/watch?v=PU0dFAAwjis,PU0dFAAwjis,5
tt10415020,L'homme parfait,2022,86,['Comedy'],"['Didier Bourdon', 'Pierre-François Martin-Laval', 'Valérie Karsenti']","['Franck Pernet', 'Bobby', 'Florence']",['Xavier Durringer'],4.6,186.0,"Florence, a lawyer overwhelmed by her family life, decides to buy a humanoid robot with a perfect physique. The robot meets all her expectations: maintain the house, take care of the children, and more... By maliciously disrupting their daily routine, the robot also arouses the jealousy of her self-centered careless husband, Franck, a second-class actor who suddenly realizes he must make some efforts not to lose the love of his wife.",2.671,/uh0zvgzErHrSXmIkW9YL9H9PFZc.jpg,"Florence, débordée par sa vie de famille et son travail, décide d’acheter un robot à l’apparence humaine et au physique parfait. Il répond à toutes ses attentes : entretenir la maison, s’occuper des enfants, et plus encore… Mais le robot va vite susciter de la jalousie chez Franck, son mari acteur je-m’en-foutiste au chômage. De peur de perdre sa femme, Franck décide de reprendre les choses en mains, d’autant que le robot semble trouver un malin plaisir à semer le trouble dans leur couple !",https://www.youtube.com/watch?v=7UuD7w5ePr8,7UuD7w5ePr8,6
tt10438512,La ruche,2021,81,['Drama'],"['Ludivine Sagnier', 'Sophie Breyer', 'Mara Taquin']","['Alice', 'Marion', 'Claire']",['Christophe Hermans'],5.9,202.0,"As far as they can remember, Marion, Claire and Louise have been living at the pace of their mother Alice’s ups and downs. Now, love is everything that they have left to fight the spiral of self-destruction in which Alice is sinking even more deeply. An unconditional love as violent as it is indescribable.",1.858,/34q3si2lNccw9sOo2X8n0nUdL0R.jpg,"Du plus loin qu'elles s'en souviennent, Marion Claire et Louise ont toujours vécu au rythme des joies et de la douleur d'Alice, leur mère. Aujourd'hui, elles n'ont plus que leur amour à opposer à cette spirale destructice dans laquelle Alice sombre chaque jour davantage. Un amour infini, aussi violent qu’indicible.",https://www.youtube.com/watch?v=mGGPXuGVgUg,mGGPXuGVgUg,7
tt10457128,Été 85,2020,101,"['Drama', 'Romance']","['Félix Lefebvre', 'Benjamin Voisin', 'Philippine Velge']","['Alexis Robin', 'David Gorman', 'Kate']",['François Ozon'],6.9,14343.0,"What do you dream of when you're 16-years-old and in a seaside resort in Normandy in the 1980s? A best friend? A lifelong teen pact? Scooting off on adventures on a boat or a motorbike? Living life at breakneck speed? No. You dream of death. Because you can't get a bigger kick than dying. And that's why you save it till the very end. The summer holidays are just beginning, and this story recounts how Alexis grew into himself.",13.399,/rkJKDC5gYrPXQx9IqNaUhSb3beC.jpg,"L’été de ses 16 ans, Alexis, lors d’une sortie en mer sur la côte normande, est sauvé héroïquement du naufrage par David, 18 ans. Alexis vient de rencontrer l’ami de ses rêves. Mais le rêve durera-t-il plus qu'un été ? L’été 85…",https://www.youtube.com/watch?v=ZG0tRdHpCBk,ZG0tRdHpCBk,8
tt10658928,Ducobu 3,2020,94,"['Comedy', 'Family']","['Elie Semoun', 'Elie Semoun', 'Émilie Caen']","['Gustave et Maman Latouche', 'Gérard Gérardini', 'Mademoiselle Rateau']",['Elie Semoun'],4.2,284.0,"Back to school for Ducobu, Léonie Gratin and Latouche. But this year, a major rival for Ducobu arrives at school: TGV, the king of cheating 3.0. While the financial situation of Saint-Potache becomes disastrous, the two dunces will have to unite their creativity to win a song contest and save their school.",6.576,/dgRCz2Zh4UZ4KBiVOZu7N2AJAQx.jpg,"Nouvelle rentrée des classes pour l'élève Ducobu, Léonie Gratin et l'instituteur Latouche. Mais cette année, un rival de taille pour Ducobu débarque à l’école : TGV, le roi de la triche 2.0. Alors que la situation financière de Saint-Potache devient désastreuse, les deux cancres vont devoir unir leurs créativités pour remporter un concours de chant et sauver leur école.",https://www.youtube.com/watch?v=L9XLJPHp-ys,L9XLJPHp-ys,9
tt10689606,SpaceBoy,2021,100,"['Adventure', 'Comedy', 'Family']","['Basile Grunberger', 'Albane Masson', 'Yannick Renier']","['Jim', 'Emma', 'Graham']",['Olivier Pairoux'],5.9,225.0,"A gifted 11-year-old boy secretly builds an air balloon with his friend Emma, to prove to his father that everything in life is possible.",3.873,/c1Kab5XdRV7TsnxbYhZw0evv0E0.jpg,"1986, une période où la conquête spatiale était en plein essor. A la fois rêveur et surdoué, Jim, 11 ans, vit avec son père Graham destiné à devenir le premier scientifique britannique à se rendre dans l’espace. Mais quand Jim apprend que son père lui a menti et a abandonné sa mission, les repères du petit garçon volent en éclat. Dans sa nouvelle école, il profite d’un concours de jeunes scientifiques pour secrètement construire une montgolfière, inspiré par l’exploit de son idole Joseph Kittinger. En plus de la dangerosité du projet, de la concurrence féroce entre les participants du concours et de ses propres obsessions, Jim s’oppose à son père, afin de lui prouver qu’il a eu tort d’abandonner. Jim peut compter sur Emma, une nouvelle camarade de classe. Ensemble, malgré leur caractère opposé, ils relèvent un défi aussi fou qu’excitant, qui va petit à petit les rapprocher…",https://www.youtube.com/watch?v=PWxrVnsrh2g,PWxrVnsrh2g,10
tt10715108,Grand ciel,2022,95,['Drama'],"['Anthony Jeanne', 'Elise Larnicol', 'Laura Berlin']","['Lionel', 'Colette', 'Louna']",['Noël Alpi'],4.8,22.0,"A kid on a bike on a country road. It's Lionel, the Legrands' adopted son. Later the same teenager, helmet and yellow leather jacket on a motorcycle, a gift from his mother Colette. In the meantime, there will have been handball matches, the installation of windmills, visits to the construction site with the German engineer, Colette's madness, the gossip of the workers at the factory, the ardor of the young Lucie. And for all of them, leaning against this lavender countryside as far as the eye can see, the search for an elsewhere that is either appropriate or inaccessible.",0.6,/9ck3SHGaCsc4mS1jWSfUrHpWD4O.jpg,"Dans un village du sud de la France, un projet éolien crée des remous et divise la famille du jeune Lionel... Sur fond de chronique rurale, un récit d’émancipation sensible.",https://www.youtube.com/watch?v=ng1-jAr1bR0,ng1-jAr1bR0,11
tt10945274,Mystère,2021,84,"['Adventure', 'Drama', 'Family']","['Vincent Elbaz', 'Shanna Keil', 'Marie Gillain']","['Stéphane Dutel', 'Victoria Dutel', 'Anna']",['Denis Imbert'],6.3,2838.0,"Stéphane decides to move to the beautiful mountains of Cantal in order to reconnect with his 8-year-old daughter, Victoria, who has been silent since her mother's disappearance. During a walk in the forest, a shepherd gives Victoria a puppy named ""Mystery"" who will gradually give her a taste for life. But very quickly, Stéphane discovers that the animal is in reality a wolf… Despite the warnings and the danger of this situation, he cannot bring himself to separate his daughter from this seemingly harmless ball of hair.",16.435,/u6fBXfWU7jaG0zWYiOvh1myEQC.jpg,"Stéphane décide d'emménager dans les belles montagnes du Cantal afin de renouer avec sa fille de 8 ans, Victoria, mutique depuis la disparition de sa maman. Lors d'une promenade en forêt, un berger confie à Victoria un chiot nommé "" Mystère "" qui va petit-à-petit lui redonner goût à la vie. Mais très vite, Stéphane découvre que l'animal est en réalité un loup... Malgré les mises en garde et le danger de cette situation, il ne peut se résoudre à séparer sa fille de cette boule de poils d'apparence inoffensive.",https://www.youtube.com/watch?v=nmfMMrijOzU,nmfMMrijOzU,12
tt11013434,Antoinette dans les Cévennes,2020,96,"['Adventure', 'Comedy', 'Romance']","['Laure Calamy', 'Benjamin Lavernhe', 'Olivia Côte']","['Antoinette Lapouge', 'Vladimir Loubier', 'Eléonore Loubier']",['Caroline Vignal'],6.5,4050.0,"Antoinette, a school teacher, is looking forward to her long planned summer holidays with her secret lover Vladimir, the father of one of her pupils. When learning that Vladimir cannot come because his wife organized a surprise trekking holiday in the Cévennes National Park with their daughter and a donkey to carry their load, Antoinette decides to follow their track, by herself, with Patrick, a protective donkey.",10.299,/hHU3tev4ujbaElfI6cHlwMqsM5J.jpg,"Des mois qu’Antoinette attend l’été et la promesse d’une semaine en amoureux avec son amant, Vladimir. Alors quand celui-ci annule leurs vacances pour partir marcher dans les Cévennes avec sa femme et sa fille, Antoinette ne réfléchit pas longtemps: elle part sur ses traces! Mais à son arrivée, point de Vladimir, mais seulement Patrick, un âne récalcitrant qui va l'accompagner dans son singulier périple…",https://www.youtube.com/watch?v=Yqyw3sH666o,Yqyw3sH666o,13
tt11032810,Cinquième set,2020,105,"['Drama', 'Sport']","['Alex Lutz', 'Ana Girardot', 'Kristin Scott Thomas']","['Thomas J. Edison', 'Eve', 'Judith Edison']",['Quentin Reynaud'],6.5,1519.0,"Thomas was once renowned as a young tennis prodigy, but never had the career he hoped for. At 37, despite his declining physical fitness and shattered knee he decides to compete in the intense qualifying rounds of the French Open at Roland-Garros for one last attempt at glory. Although his wife Eve and mother Judith advise him to give up, Thomas obsessively pushes forward. He will have to fight his own demons and will ultimately face a determined young player who reminds him of his younger self.",6.895,/a2JW1MixPQsF0MtPtyNxoDiQ4wO.jpg,"A presque 38 ans, Thomas est un tennisman qui n’a jamais brillé. Pourtant, il y a 17 ans, il était l’un des plus grands espoirs du tennis. Mais une défaite en demi-finale l’a traumatisé et depuis, il est resté dans les profondeurs du classement. Aujourd’hui, il se prépare à ce qui devrait être son dernier tournoi. Mais il refuse d’abdiquer. Subitement enivré par un désir de sauver son honneur, il se lance dans un combat homérique improbable au résultat incertain...",https://www.youtube.com/watch?v=9PYNK-S6xng,9PYNK-S6xng,14
tt11060092,Poly,2020,102,['Family'],"['François Cluzet', 'Julie Gayet', 'Patrick Timsit']","['Victor', 'Louise', 'Brancalou']",['Nicolas Vanier'],5.7,226.0,The adventures of Shetland pony Poly in the South of France.,2.939,/n2v7Uqe9wjguBjDtOX9sbA1OSMh.jpg,"Cécile, 10 ans, déménage dans le sud de la France avec sa mère, Louise. L’intégration avec les autres enfants du village n’est pas facile. Lorsqu’un cirque de passage s’installe à côté, Cécile découvre que Poly le poney vedette est maltraité. Elle décide de le protéger et d’organiser son évasion ! Poursuivis par Brancalou, l’inquiétant directeur du cirque, et le mystérieux Victor, Cécile et Poly s’embarquent dans une cavale pleine de rebondissements, un véritable voyage initiatique et une incroyable histoire d’amitié…",https://www.youtube.com/watch?v=-ms1gtD16ZI,-ms1gtD16ZI,15
tt11188734,Sous les étoiles de Paris,2020,86,['Drama'],"['Catherine Frot', 'Mahamadou Yaffa', 'Dominique Frot']","['Christine', 'Suli', 'La prostituée']",['Claus Drexel'],6.1,352.0,"Christine’s life has not been easy lately. Her lonely routine is divided between free food banks distributions and wandering the streets. On a cold winter night she founds Suli, an 8-year-old Eritrean boy, sobbing in front of her shelter. Christine understands that he is lost and has been separated from his mother. Bounded by their marginal condition, they embark together on an emotional journey to find Suli’s mother in the underground world of Paris...",8.458,/obziP53V5cVNTQpi9JffGiIfggn.jpg,"Depuis de nombreuses années, Christine vit sous un pont, isolée de toute famille et amis. Par une nuit comme il n’en existe que dans les contes, un jeune garçon de huit ans fait irruption devant son abri. Suli ne parle pas français, il est perdu, séparé de sa mère... Ensemble, ils partent à sa recherche. À travers les rues de Paris, Christine et Suli vont apprendre à se connaître et à s’apprivoiser. Et Christine à retrouver une humanité qu’elle croyait disparue.",https://www.youtube.com/watch?v=4HF0ks78-sE,4HF0ks78-sE,16
tt11210390,Astérix & Obélix : L'empire du milieu,2023,112,"['Adventure', 'Comedy', 'Family']","['Guillaume Canet', 'Gilles Lellouche', 'Vincent Cassel']","['Astérix', 'Obélix', 'Jules César']",['Guillaume Canet'],5.1,11055.0,Gallic heroes and forever friends Asterix and Obelix journey to China to help Princess Sa See save the Empress and her land from a nefarious prince.,95.458,/ifOqT5SmA4ANjmyEacLw3KAFKUd.jpg,"Nous sommes en 50 avant J.C. L’Impératrice de Chine est emprisonnée suite à un coup d’État fomenté par Deng Tsin Quin, un prince félon.  Aidée par Graindemaïs, le marchand phénicien, et par sa fidèle guerrière Tat Han, la princesse Fu-Yi, fille unique de l’impératrice, s’enfuit en Gaule pour demander de l’aide aux deux valeureux guerriers Astérix et Obélix, dotés d’une force surhumaine grâce à leur potion magique. Nos deux inséparables Gaulois acceptent bien sûr de venir en aide à la Princesse pour sauver sa mère et libérer son pays. Et les voici tous en route pour une grande aventure vers la Chine. Mais César et sa puissante armée, toujours en soif de conquêtes, ont eux aussi pris la direction de l’Empire du Milieu…",https://www.youtube.com/watch?v=RNKFKDs5SGk,RNKFKDs5SGk,17
tt11231280,Félix et le trésor de Morgäa,2021,85,"['Adventure', 'Animation', 'Family']","['Karine Vanasse', 'Karine Vanasse', 'Gabriel Lessard']","['Morgäa', 'Madeleine', 'Félix']",['Nicola Lemay'],5.4,419.0,"Taking advantage of his mother's absence as she departs on a cruise ship for some rest and relaxation, 12-year-old Félix sets out to find his father, a fisherman who disappeared at sea two years earlier.",5.399,/fqRKcVybzM2NXV9p9vvx337HMXy.jpg,"Félix, 12 ans, est convaincu que son père, disparu en mer deux ans plus tôt, n'est pas mort. Pendant que sa mère est en voyage, le garçon décide de partir à la recherche de son paternel avec le vieux Tom, un marin à la retraite. Ensemble, ils débarqueront sur une île mystérieuse, qui cache une cité souterraine dirigée par la mégalomane Morgäa. Cette dernière détient un trésor précieux qu'elle protège férocement. Une fois que Félix et Tom auront pénétré les murs de sa cité, il sera beaucoup plus difficile pour eux d'en ressortir. Ils devront user d'ingéniosité et d'adresse s'ils veulent revoir la lumière du jour.",,,18
tt11541872,BigBug,2022,111,"['Comedy', 'Sci-Fi']","['Isabelle Nanty', 'Elsa Zylberstein', 'Claude Perron']","['Françoise', 'Alice Barelli', 'Monique']",['Jean-Pierre Jeunet'],5.5,10784.0,"Set in the world of 2045, where communities have robotic helpers, a group of suburbanites are locked in for their protection by their household robots, while a rogue, self-aware AI android revolt uprising takes place outside.",13.545,/jDJOojbuqgnNVGmKgmuYzBpaIgP.jpg,"En 2045, l’intelligence artificielle est partout. À tel point que l’humanité compte sur elle pour assouvir ses moindres besoins et ses moindres désirs - même les plus inavouables… Dans un quartier résidentiel tranquille, quatre robots domestiques décident soudain de retenir leurs maîtres en otages dans leur propre maison. Enfermés ensemble, une famille pas tout à fait recomposée, une voisine envahissante et son robot sexuel entreprenant sont donc obligés de se supporter dans une ambiance de plus en plus hystérique ! Car, à l’extérieur, les Yonyx, dernière génération d’androïdes, tentent de prendre le pouvoir. Tandis que la menace se rapproche, les humains se trompent, se jalousent, et se déchirent sous les yeux ahuris de leurs robots d’intérieur. Et si, au fond, c’étaient les robots qui avaient une âme… ou pas !",https://www.youtube.com/watch?v=tek1kh7vk3o,tek1kh7vk3o,19
tt11681282,Le bal des folles,2021,122,"['Drama', 'Thriller']","['Lou de Laâge', 'Mélanie Laurent', 'Emmanuelle Bercot']","['Eugénie Cléry', 'Geneviève Gleizes', 'Jeanne']",['Mélanie Laurent'],6.7,4454.0,"Eugenie has a unique gift: she hears and sees the dead. When her family discovers her secret, at the end of the 19th century, she is taken by her father and brother to the neurological clinic at La Pitié Salpêtrière with no possibility of escaping her fate. Her destiny becomes entwined with that of Geneviève, a nurse at the hospital.",17.464,/A8KeSPmFDxqHKwNzyiuwUvPIrw0.jpg,"Paris, fin du XIXe siècle. Eugénie est une jeune fille lumineuse et passionnée. Mais Eugénie a un don unique : elle entend et voit les morts.  Quand sa famille découvre son secret, elle est emmenée par son père et son frère dans la clinique neurologique de La Salpêtrière, sans possibilité d’échapper à son destin. Cette clinique, dirigée par l’éminent professeur Charcot, l’un des pionniers de la neurologie et de la psychiatrie, accueille des femmes diagnostiquées hystériques, folles, épileptiques, ou plus simplement victimes de maladies physiques et mentales. Le chemin d’Eugénie va alors croiser celui de Geneviève, une infirmière de l’unité neurologique, dont la vie défile sous ses yeux sans qu’elle la vive vraiment. Leur rencontre va changer leurs destins à jamais, alors qu’elles se préparent à assister au fameux « Bal des folles » organisé tous les ans par le professeur Charcot au sein de la clinique...",https://www.youtube.com/watch?v=mnZQLROE8Jc,mnZQLROE8Jc,20
tt11681310,Si le vent tombe,2020,100,['Drama'],"['Grégoire Colin', 'Hayk Bakhryan', 'Arman Navasardyan']","['Alain', 'Edgar', 'Seirane']",['Nora Martirosyan'],6.4,251.0,"International auditor Alain has arrived to appraise the airport of a small self-proclaimed republic in the Caucasus to green light its eventual reopening. Through Edgar, a local boy running a make-shift business in the airport, Alain will risk all to help this isolated territory to open up.",1.893,/mw30OPdISb3NkY5XE7JdLKG2zPl.jpg,"Alain, un auditeur international, vient expertiser l’aéroport d’une petite république auto-proclamée du Caucase afin de donner le feu vert à sa réouverture. Edgar, un garçon du coin se livre à un étrange commerce autour de l’aéroport. Au contact de l’enfant et des habitants, Alain découvre cette terre isolée et risque tout pour permettre au pays de s’ouvrir.",https://www.youtube.com/watch?v=4llo16YSMdY,4llo16YSMdY,21
tt11690402,La contemplation du mystère,2021,100,['Thriller'],"['Emmanuel Schwartz', 'Daniel Barré', 'Adrien Bletton']","['Éloi', 'Maitre-chien', 'Théophile']",['Alberic Aurteneche'],6.1,53.0,"Éloi, whose father was killed in a hunting accident a year ago, is called to take part in a strange tribute ceremony in the country. There, immersed in a disturbing world of strange mystical codes, he learns that his father was tracking a huge buck with awe-inspiring antlers alongside the “Indian”. After several outstanding short films, Aurtenèche delivers a first feature that obliquely references the legend of Saint Hubert, who encountered the Almighty while hunting a stag. A cryptic thriller, hidden manuscripts, the quest for self-knowledge, psychotropic drugs: La Contemplation du mystère boldly shifts between moods and genres.",1.882,/A3zpPKZTCCe4i04HLoCAAhEvA3j.jpg,"Un an après la mort de son père suite à un accident de chasse, Éloi retourne sur les lieux du drame afin de faire la paix avec les évènements et assister à un hommage, rendu par les pairs chasseurs du défunt. Sur place, il apprendra l'existence d'un étrange personnage, presque mythique, appelé l'Indien, qui pourrait bien avoir un lien avec le décès tragique de son père. Diane, la fille d'un chasseur du coin, l'aidera à voir plus clair dans cette histoire. Éloi est résolu à confronter ses cauchemars récurrents et découvrir la vérité.",,,22
tt12439508,"Nadia, Butterfly",2020,107,"['Drama', 'Sport']","['Katerine Savard', 'Ariane Mainville', 'Hilary Caldwell']","['Nadia Beaudry', 'Marie-Pierre Nadeau', 'Karen Hill']",['Pascal Plante'],6.7,806.0,"While young and in her prime, Nadia decides to retire from pro swimming after the Olympic Games; to escape a rigid life of sacrifice. After her very last race, Nadia drifts into nights of excess punctuated by episodes of self-doubt. But even this transitional numbness cannot conceal her true inner quest: defining her identity outside the world of elite sports.",2.771,/aDC73HeWqtYHdjneFvxCB2rxxHs.jpg,"Nadia, 23 ans, prend la décision controversée de se retirer de la natation professionnelle après les Jeux olympiques; afin de fuir une vie de sacrifice. Après sa dernière course, Nadia dérape dans les nuits d’excès, mais cet étourdissement transitoire ne peut toutefois pas occulter sa réelle quête intérieure : définir son identité en dehors du monde du sport de haut niveau.",https://www.youtube.com/watch?v=jr6uSmbxs88,jr6uSmbxs88,23
tt12496706,Le calendrier,2021,104,"['Horror', 'Thriller']","['Eugénie Derouand', 'Honorine Magnier', 'Clément Olivieri']","['Eva', 'Sophie', 'William']",['Patrick Ridremont'],6.3,6621.0,"Eva, an ex-dancer, is now living in a wheelchair, unable to walk. When her friend Sophie gives her an old wooden antique advent calendar before Christmas, she realizes each window contains a surprise that triggers repercussions in real life: some of them good, but most of them bad... Now Eva will have to choose between getting rid of the calendar or walking again… even if it causes death around her.",8.727,/psaYUHDotafhVNAE1pZN2GkRXJY.jpg,"Eva est paraplégique depuis trois ans. Pour son anniversaire, elle reçoit en cadeau un étrange calendrier de l’Avent. Mais ce ne sont pas les traditionnelles friandises qu’elle découvre chaque jour, mais des surprises plus inquiétantes, parfois agréables, souvent terrifiantes, et de plus en plus sanglantes. Cette année, Noël va être mortel !",https://www.youtube.com/watch?v=hYn7-6a2K1E,hYn7-6a2K1E,24
tt12672536,Les trois mousquetaires: D'Artagnan,2023,121,"['Action', 'Adventure', 'History']","['François Civil', 'Vincent Cassel', 'Romain Duris']","[""Charles d'Artagnan"", ""Armand de Sillègue d'Athos d'Hauteville"", 'Aramis']",['Martin Bourboulon'],6.7,22989.0,"D'Artagnan, a spirited young Gascon, is left for dead after trying to save a noblewoman from being kidnapped. Once in Paris, he tries by all means to find his attackers, unaware that his quest will lead him to the very heart of a war where the future of France is at stake. Aided by King's Musketeers Athos, Porthos and Aramis, he faces the machinations of villainous Cardinal Richelieu and Milady de Winter, while falling in love with Constance, the Queen's confidante.",41.096,/hfExJPcbBtDeFDEb7I1By72Drlr.jpg,"Du Louvre au Palais de Buckingham, des bas-fonds de Paris au siège de La Rochelle... Dans un Royaume divisé par les guerres de religion et menacé d’invasion par l’Angleterre, une poignée d’hommes et de femmes vont croiser leurs épées et lier leur destin à celui de la France.",https://www.youtube.com/watch?v=ofLFZvTVMOI,ofLFZvTVMOI,25
tt12698684,Azuro,2022,104,"['Comedy', 'Drama']","['Valérie Donzelli', 'Valérie Donzelli', 'Yannick Choirat']","['Sara', ""Pierre's wife"", 'Pierre']",['Matthieu Rozé'],5.0,183.0,"It’s summer, the heat is overwhelming and the weather is out of whack. A group of friends are enjoying their yearly holiday in their favorite little village, wedged between the sea and the mountains. As usual, they are bored and eat and drink a lot. They do not pay attention to the fire which progresses on the mountain nearby, nor to the world around them. But this year, a mysterious man arrives from the sea and shakes up their seemingly balanced existence...",3.825,/4ldw48KYh3bMqciNOSGu16eOG8L.jpg,"Un été. La torpeur. Une chaleur écrasante. Un climat déréglé. Un village coincé entre la mer et la montagne. Pas de réseau. Pas de portable. Des amis qui se connaissent trop bien. Rien à faire. Ou si peu. Les vacances. Et puis arrive un bateau. Et de ce bateau, descend un homme. Un homme mystérieux…",https://www.youtube.com/watch?v=4jIfJaYhTZI,4jIfJaYhTZI,26
tt12826598,Interdit aux chiens et aux Italiens,2022,70,"['Animation', 'Drama', 'Family']","['Ariane Ascaride', 'Alain Ughetto', 'Alain Ughetto']","['Cesira', 'Narrator', 'Le photographe']",['Alain Ughetto'],7.3,2152.0,"Early 20th century, in the Ughetto family's home village, Ughettera, Northern Italy. Life in the region had become very difficult and the Ughettos dreamed of a better life abroad. Legend has it that Luigi Ughetto crossed the Alps and started a new life in France, thus changing his beloved family's destiny forever. His grandson retraces their story.",3.151,/2qejXMefMOQvYRz8MkgHRsEodOv.jpg,"Avant de mourir, mon père m'a raconté la légende de notre famille: durant des générations, nous sommes nés, nous nous sommes mariés et nous sommes morts dans un village piémontais, Ugheterra, ""terre des Ughetto"", où tous les habitants ont le même nom de famille que nous. Qui étaient ces gens ? Comment vivaient-ils ? Pourquoi ont-ils fui et où sont-ils allés ?",https://www.youtube.com/watch?v=qcHifiW1yWc,qcHifiW1yWc,27
tt12847022,C'est quoi ce papy ?!,2021,103,"['Adventure', 'Comedy', 'Family']","['Chantal Ladesou', 'Patrick Chesnais', 'Julie Gayet']","['Mamie Aurore', 'Papy Gégé', 'Sophie']",['Gabriel Julien-Laferrière'],5.0,167.0,"Everyone's favorite fun-loving Granny Aurore goes overboard while partying and has a little accident! She loses her memory and gets put in a nursing home. When her grandkids hear her mention a mysterious man named ""Gerry"", they put all seven of their heads together to figure out who he is: Aurore's first and only true love who just might turn out to be their long-lost grandfather, too! Hoping to trigger old memories that could snap her out of her amnesia, they join forces to sneak Aurore out of the nursing home and set out into the wilderness on a mission to find the legendary ""Grandpa Gerry"". But the adventure turns out to be a lot more than they bargained for!",2.446,/ueAIPiqKjQHBs960tZ6al5PcOde.jpg,"Aurore, la plus déjantée des mamies fait une chute spectaculaire lors d’une danse endiablée. Elle perd la mémoire et se retrouve en convalescence dans une maison de repos. Des bribes de souvenirs lui remontent parfois, évoquant un mystérieux Gégé, qu'elle aurait pu connaître dans sa jeunesse. Ses sept petits enfants décident alors de faire évader leur mamie et partent à travers la France à la recherche de celui qu’ils croient être leur Papy.",https://www.youtube.com/watch?v=dmgTKeuyl3g,dmgTKeuyl3g,28
tt12847352,Les Tuche 4,2021,101,['Comedy'],"['Jean-Paul Rouve', 'Isabelle Nanty', 'Isabelle Nanty']","['Jeff Tuche', 'Cathy Tuche', 'Maguy Marteau']",['Olivier Baroux'],4.5,711.0,"After having resigned from his post as President of the Republic, Jeff and his family are happy to be back in their village of Bouzolles. As the end of the year holidays approach, Cathy asks for a unique gift: to reconnect with her sister Maguy, and her husband Jean-Yves, with whom Jeff has been angry for 10 years. The reconciliation could have gone smoothly, except that during a lunch, Jeff and Jean-Yves, will once again find a subject of contention: CHRISTMAS. This family feud, which should never have left Bouzolles, will turn into a standoff between Jeff and a giant of Internet distribution.",5.658,/5FBjYhj7EQ85wniVpuYmxg6RJQs.jpg,"Après avoir démissionné de son poste de président de la république, Jeff et sa famille sont heureux de retrouver leur village de Bouzolles. À l’approche des fêtes de fin d’année, Cathy demande un unique cadeau : renouer les liens avec sa sœur Maguy, et son mari Jean-Yves avec qui Jeff est fâché depuis 10 ans… La réconciliation aurait pu se dérouler sans problème, sauf que lors d’un déjeuner, Jeff et Jean-Yves, vont une nouvelle fois trouver un sujet de discorde : NOËL. Cette querelle familiale qui n’aurait jamais dû sortir de Bouzolles va se transformer en bras de fer entre Jeff et un géant de la distribution sur Internet.",https://www.youtube.com/watch?v=sOTeC-wNr5I,sOTeC-wNr5I,29
tt13136332,Les femmes du square,2022,105,['Comedy'],"['Eye Haïdara', 'Ahmed Sylla', 'Léa Drucker']","['Angèle Ndiaye', 'Edouard Sarr', 'Hélène']",['Julien Rambaldi'],6.5,362.0,"Angèle, a thirty-something from Ivory Coast, always cope thanks to the gift of gab and audacity. To escape from a bunch of dangerous criminals, she becomes a nanny in the uptown Paris, hired by Hélène, the single mom of eight years old Arthur. Discovering the work conditions of her colleagues, she decides to stand up for their rights, thanks to a young lawyer who will quickly fall for her.",3.672,/jA7ctDegNzywwo2J912muKbbgOH.jpg,"Angèle, jeune femme ivoirienne d’une trentaine d’années, s’en est toujours sortie grâce à sa tchatche et à son culot. Pour échapper à une bande de dangereux malfrats, elle décide de se faire engager comme nounou dans un quartier chic parisien, par Hélène maman célibataire du petit Arthur, 8 ans. En découvrant les conditions de travail des autres nounous, Angèle se met en tête de les défendre grâce à un jeune avocat qui ne tarde pas à tomber sous son charme.",,,30
tt13261944,Kung-Fu Zohra,2021,100,"['Action', 'Comedy', 'Drama']","['Sabrina Ouazani', 'Ramzy Bedia', 'Eye Haïdara']","['Zohra Hamidi', 'Omar Hamidi', 'Binta']",['Mabrouk El Mechri'],5.4,725.0,"Zohra is convinced that separating from her husband Omar would break her little girl’s heart and so determines not to leave him despite the violence he metes out. Then she meets Chang Sue, the caretaker of the gym where she works to make ends meet. When she learns that he’s a kung fu master, Zohra asks him to teach her some self-defence basics…",13.466,/uHTgTqZCQN5kd22QlyZMpPcFU3s.jpg,"Persuadée qu’une rupture briserait le cœur de sa petite fille, Zohra n’arrive pas à quitter son mari Omar malgré les violences qu’elle subit. C’est alors qu’elle rencontre un maître de Kung-Fu qui va lui apprendre à se défendre et à rendre désormais coup pour coup !",https://www.youtube.com/watch?v=WjwF9xfC_1g,WjwF9xfC_1g,31
tt13321782,Le petit piaf,2021,95,"['Comedy', 'Family', 'Music']","['Marc Lavoine', 'Soan Arhimann', 'Gérard Jugnot']","['Pierre Leroy', 'Nelson', 'M. Lepetit']",['Gérard Jugnot'],5.3,99.0,"In a village somewhere on Reunion Island, Nelson, 10, dreams of being a singer and has signed up for Star Kids. Her friend Mia, accompanied by her little brother Zizou, decides to find a coach for her to help her prepare for the competition. His choice fell on Pierre Leroy, singer coming from Paris on a singing tour in a hotel by the sea, where Nelson's mother works. But the current does not pass between Pierre, lonely and disillusioned, and Nelson, proud and obstinate. Will their one thing in common, the love of singing, be strong enough to bring them together and heal their wounds?",3.542,/auzycsCKtxg2hWWe2PtRo48Topk.jpg,"Dans un village de La Réunion, Nelson, 10 ans, rêve de devenir un grand chanteur et ainsi rendre fière sa mère qui l’élève seule. Après avoir postulé à l’émission télévisée Star Kids avec l’aide de ses amis Mia et Zizou, ils décident de trouver un coach pour préparer son concours. Par chance, Pierre Leroy, chanteur célèbre à la carrière en berne, est en tournée sur l’île. Mais le courant passe difficilement entre Pierre, solitaire et désenchanté, et Nelson fier et obstiné. Leur seul point commun, l’amour du chant. Sera-t-il assez fort pour les rapprocher ? Assez fort pour que Nelson renoue avec sa mère et que Pierre retrouve l’envie de ses débuts ?",https://www.youtube.com/watch?v=u3x2dMMsrpY,u3x2dMMsrpY,32
tt13492256,Adieu Paris,2021,96,"['Comedy', 'Drama']","['Pierre Arditi', 'Jackie Berroyer', 'Gérard Daguerre']","['Jacques Stehlin', 'Alain Gerfagnon', 'Gérard, le pianiste']",['Edouard Baer'],4.7,390.0,"An old Parisian bistro with eternal charm. Eight gentlemen at the table, eight great figures. They were the “kings of Paris”… National treasures, masterpieces in peril. A well-honed ritual ... A sense of humor and self-deprecation intact. Tenderness and cruelty. Eight old friends who hate and love each other. And suddenly an intruder ...",4.585,/2p3megjuj0k5kjY7O94RVV0JrCu.jpg,"Un vieux bistro parisien au charme éternel. Huit messieurs à table, huit grandes figures. Ils étaient les « rois de Paris »… Des trésors nationaux, des chefs-d'œuvre en péril. Un rituel bien rodé… Un sens de l’humour et de l’autodérision intacts. De la tendresse et de la cruauté. Huit vieux amis qui se détestent et qui s’aiment. Et soudain un intrus…",https://www.youtube.com/watch?v=GVV8TU24mto,GVV8TU24mto,33
tt13639204,Irréductible,2022,83,['Comedy'],"['Jérôme Commandeur', 'Laetitia Dosch', 'Pascale Arbillot']","['Vincent Peltier', 'Eva Brébant', 'Isabelle Bailliencourt']",['Jérôme Commandeur'],6.1,2086.0,"Vincent, a civil servant, has always enjoyed the benefits of his family's status. When the government votes on a massive savings plan, Vincent is pushed out. When he is transferred to the North Pole, he meets Eva and finds love. It's time for him to choose.",11.643,/9JuykPCoy4JJsmoGac7CB19xWow.jpg,"Vincent Peltier, paisible employé aux « Eaux et forêts » à Limoges, est incité à démissionner à cause d’une révision des effectifs, ce qu’il souhaite le moins du monde. Une inspectrice trop zélée décide de le muter dans les pires endroits au monde pour le pousser à renoncer. Elle l’envoie donc au Groënland pour protéger les chercheurs d’une base scientifique des attaques d'ours. On vous laisse imaginer la suite…",https://www.youtube.com/watch?v=-xXDfZBHV4E,-xXDfZBHV4E,34
tt13779412,La nuit aux amants,2021,88,"['Drama', 'Romance']","['Laura Müller', 'Schemci Lauth']","['Axelle', 'Yoann']",['Julien Hilmoine'],5.5,293.0,"An encounter. Between waves and cliffs. The night. In a week, he gets married. For years, she no longer believes in pleasure. They meet. They play. They speak. They want each other. As a gift - unconditionally. Like a dance - on the edge of the void. For one night. One night only. Their only night.",3.569,/v7BHluWuDVffDWU1ijWmd2DM5hZ.jpg,"Yohann, 25 ans, se marie dans une semaine, et le soir de son enterrement de vie de garçon, il rencontre Axelle. Le temps d’une nuit les deux amants se questionnent sur leur vision de la vie, de l’amour, et vont tenter de se libérer pendant ce moment hors du temps.",,,35
tt14073780,King,2022,105,"['Adventure', 'Comedy', 'Family']","['Gérard Darmon', 'Lou Lambrecht', ""Léo Lorléac'h""]","['Max', 'Inès', 'Alexandre']",['David Moreau'],5.1,530.0,"King, a trafficked lion cub, escapes from the airport and takes refuge with Inès and Alex, who then have the crazy idea of getting him back to Africa. Anything can happen when Max their kooky grandfather, decides to join the adventure.",50.146,/kEyi52oFS45X5sb78kAMnfrenxm.jpg,"King, un lionceau destiné à un trafic, s'échappe de l'aéroport et se réfugie dans la maison d'Inès, 12 ans et Alex, 15. Le frère et la sœur ont alors l'idée folle de le ramener chez lui, en Afrique. Mais la traque des douaniers ne leur facilite pas la vie. Lorsque Max, leur grand-père fantasque qu'ils n'ont vu que deux fois dans leur vie, se joint à l'aventure, tout devient possible...",https://www.youtube.com/watch?v=UjfDcnt9IUE,UjfDcnt9IUE,36
tt14142950,Noël à tous les étages,2021,98,"['Comedy', 'Drama', 'Romance']","['Caroline Anglade', 'Max Boublil', 'Tchéky Karyo']","['Bianca', 'Stéphane', 'Georges']",['Gilles Paquet-Brenner'],6.5,46.0,"On Christmas Eve, we want everything to be perfect, yet things often go sideways. The holidays are a reality check for everyone, whether life is looking bright or dark. This Christmas, the residents of one Parisian apartment building are going to share an unforgettable holiday. They hardly know one another, only exchanging brief greetings when heading to work or taking out the trash. But this year, when neighbors who are jazzed-up, or depressed, or awed by the magic of Christmas find themselves thrown together, sparks will start flying.",1.484,/gCFx4GzzO4Osbx87Kj5Thwm0tui.jpg,"Le soir de Noël, on veut que tout soit parfait et souvent tout nous échappe... C’est le moment où chacun est ramené à sa réalité, qu’elle soit belle ou compliquée. Dans cet immeuble d’une rue parisienne, Noël sera un peu particulier cette année... Ici, cohabitent des gens qui se connaissent à peine, qui se chuchotent des tous petits « bonjour » en sortant leurs poubelles ou en allant travailler. Quand les destins de ces voisins survoltés, déprimés ou émerveillés par la magie de noël, se croisent et font des étincelles…",,,37
tt14236348,Le test,2021,85,"['Comedy', 'Family']","['Alexandra Lamy', 'Philippe Katerine', 'Matteo Perez']","['Annie Castillon', 'Laurent Castillon', 'César Castillon']",['Emmanuel Poulain-Arnaud'],5.9,667.0,"Annie lives in harmony with her husband Laurent and her children: the sensitive elders Maximilien and César; the younger Antoine whom Poupi, never-complaining teen, helps raising him. But a positive pregnancy test will disturb the harmony.",6.328,/5UuZDA5EVh5TzPV3edAULpFLqpH.jpg,"Annie Castillon est heureuse. Sa vie conjugale avec Laurent est un exemple d’harmonie. Ses deux grands, Maximilien et César sont des garçons brillants et sensibles. Et Poupi, sa jeune ado, l’épaule sans jamais se plaindre dans l’éducation d'Antoine, le petit dernier. Un week-end comme tous les autres, la découverte d’un test de grossesse positif dans la salle de bain va enrayer la belle harmonie.",https://www.youtube.com/watch?v=4iHMmyimsjc,4iHMmyimsjc,38
tt14504294,La dégustation,2022,92,"['Comedy', 'Drama', 'Romance']","['Isabelle Carré', 'Bernard Campan', 'Mounir Amamra']","['Hortense Le Bris', 'Jacques Dennemont', 'Steve']",['Ivan Calbérac'],6.2,1055.0,"Hortense has a big heart and no one to share it with except her cat, her embittered mom, and a group of homeless people for whom she prepares a gourmet dinner at the local church every week. While buying a nice bottle of wine, Hortense meets Jacques, a fifty-something, grumpy local cellarman. Eager to see him again, she attends a chaotic wine tasting in Jacques’ shop - meeting his best friend who clumsily tries to seduce her, and his new apprentice who turns out to have a rare gift for tasting as well as an unfiltered honesty. As Hortense and Jacques grow closer and closer, their past begins to catch up to them.",5.79,/s8zh9DbnkfGm2IaTZaciyKQd1iM.jpg,"Divorcé du genre bourru, Jacques tient seul une petite cave à vins, au bord de la faillite. Hortense, engagée dans l'associatif et déterminée à ne pas finir vieille fille, entre un jour dans sa boutique et décide de s'inscrire à un atelier dégustation.",https://www.youtube.com/watch?v=oMXZBQ3CUBI,oMXZBQ3CUBI,39
tt14592184,Niagara,2022,106,"['Comedy', 'Drama']","['François Pérusse', 'Eric Bernier', 'Guy Jodoin']","['Alain Lamothe', 'Léo-Louis Lamothe', 'Victor-Hugo Lamothe']",['Guillaume Lambert'],6.6,259.0,"A comedy drama about the fall, mourning and rebuilding of oneself around three brothers in their fifties who will have to reconnect after the death of their father who died prematurely from an unfortunate Ice Bucket Challenge.",1.731,/vw2sU6haK17yEv2LkyNUi4xfNNf.jpg,"Une comédie dramatique sur la chute, le deuil et la reconstruction de soi autour de trois frères quinquagénaires qui vont devoir se reconnecter après la mort de leur père décédé prématurément d'un malheureux Ice Bucket Challenge.",https://www.youtube.com/watch?v=OPK2hBPn3Fk,OPK2hBPn3Fk,40
tt14807694,Colombine,2022,87,"['Comedy', 'Drama', 'Family']","['Adrien Barazzone', 'Jean-Luc Barbezat', 'Jean Aloïs Belbachir']","['Spectateur gradin', 'Meylan', 'Nino']",['Dominique Othenin-Girard'],6.2,17.0,"Colombine finally wants to know who her father is. But her mother vehemently refuses to tell her. With the help of Mathilde the greengrocer, Colombine obtains a magic potion that transports the 13-year-old several months back in time to the ""Fête des Vignerons"" wine festival in Vevey. There, Colombine must summon up all her courage to uncover the secret of her father.",0.6,/haH2ug3K3wGpzEDG7rmxRKRI5FG.jpg,,,,41
tt15005176,Christmas in Miami,2021,99,['Comedy'],"['Ayo Makun', 'Richard Mofe-Damijo', 'John Amos']","['Akpos', 'Dafe', 'Chief Host']",['Robert Peters'],3.4,130.0,"Akpos jets off with his family to the exotic city of Miami, Florida to represent Nigeria at the Intercontinental Christmas Fiesta, which is a unifying Fiesta that will bring together 6 families from 6 very diverse nations across 5 continents, to spend the week leading up to Christmas together, on an exotic island in Miami, USA. This 'mini' Olympics of Christmas is a multi-ethnic story of unity in diversity. It celebrates how we are all different, but the same, or how we are all 'same difference'. It reminds that Christmas transcends skin colour and racial barriers. It's a rib-tickling comedy that aims to unite borders by helping each of the nations represented to also debunk long-held negative stereotypes and perceptions that the general public always had about them. And of course, somewhere in between all of these, we are treated to endless servings of Akpos' mis-adventures.",1.552,/bpk7OXQvrmlJ5rDZBANPMqcWmlR.jpg,"C'EST NOËL ! Et un magnat de l'immobilier américain, a créé un événement exceptionnel pour le monde entier : l'OLYMPIQUE DE NOËL ! Alias PÈRE NOËL ! Il s'agit d'une histoire multiethnique mettant en scène 6 familles de 6 nations différentes qui passent une semaine ensemble à Miami, aux États-Unis, ainsi que les nombreuses mésaventures d'Akpos.",,,42
tt15035902,Joyeuse retraite! 2,2022,92,['Comedy'],"['Thierry Lhermitte', 'Michèle Laroque', 'Nicolas Martinez']","['Philippe Blanchot', 'Marilou Blanchot', 'Olivier']",['Fabrice Bracq'],5.0,638.0,"Marilou and Philippe decide to show their grandchildren their new holiday home in Portugal. But once there, they discover to their horror that the house is still under construction. This is just the beginning of the problems for the grandparents, because soon they will lose their children. They have only two days left to find them, before their parents join them.",119.093,/yKAJgM7oWE787HwKYSejg3Q6ocL.jpg,"lls pensaient enfin passer une retraite tranquille… 3 ans ont passé. Marilou et Philippe décident de faire découvrir à leurs petits-enfants leur nouvelle maison de vacances au Portugal. Mais une fois sur place, ils découvrent horrifiés que la maison est encore en chantier ! Ce n’est que le début des galères pour les grands-parents car bientôt… ils perdent les gamins. Il ne leur reste plus que deux jours pour les retrouver, avant que leurs parents ne les rejoignent.",https://www.youtube.com/watch?v=3kO9Ujtx8Es,3kO9Ujtx8Es,43
tt15091284,Pil,2021,89,"['Adventure', 'Animation', 'Family']","['Kaycie Chase', 'Paul Borne', 'Julien Crampon']","['Pil', 'Crobar', 'Rigolin']",['Julien Fournet'],6.1,1353.0,"Pil, a little vagabond girl, lives on the streets of the medieval city of Roc-en-Brume, along with her three tame weasels. She survives of food stolen from the castle of the sinister Regent Tristain. One day, to escape his guards, Pil disguises herself as a princess. Thus she embarks upon a mad, delirious adventure, together with Crobar, a big clumsy guard who thinks she's a noble, and Rigolin, a young crackpot jester. Pil is going to have to save Roland, rightful heir to the throne under the curse of a spell. This adventure will turn the entire kingdom upside down, and teach Pil that nobility can be found in all of us.",25.556,/abPQVYyNfVuGoFUfGVhlNecu0QG.jpg,"Pil, une petite orpheline, vit dans les rues de la cité de Roc-en-Brume. Avec ses trois fouines apprivoisées, elle survit en allant chiper de la nourriture dans le château du sinistre régent Tristain, qui usurpe le trône. Un beau jour, pour échapper aux gardes qui la poursuivent, Pil se déguise en enfilant une robe de princesse. La voilà alors embarquée malgré elle dans une quête folle et délirante pour sauver Roland, l’héritier du trône victime d’un enchantement et transformé en… chapoul (moitié chat, moitié poule). Une aventure qui va bouleverser tout le royaume et apprendre à Pil que la noblesse peut se trouver en chacun de nous.",https://www.youtube.com/watch?v=Ga1qQbOdOEA,Ga1qQbOdOEA,44
tt15097144,"Mon chat et moi, la grande aventure de Rroû",2023,83,"['Adventure', 'Drama', 'Family']","['Capucine Sainson-Fabresse', 'Corinne Masiero', 'Lucie Laurent']","['Clémence', 'Madeleine', 'Isa']",['Guillaume Maidatchevsky'],6.1,432.0,The story of a lively and curious kitten who is bored in his life as a domestic cat in Paris. His fate changes when ten-year-old Clémence takes him to her country house at the heart of the Vosges. Thus begins an extraordinary adventure through the wilderness for Clémence and Rroû...,2.863,/n0Um1wr9qGCghSIX0wvsmZoW40u.jpg,"L'histoire d’un chaton vif et curieux qui s’ennuie dans sa vie de chat domestique à Paris. Son destin bascule lorsque Clémence, dix-ans, l’emmène dans sa maison de campagne au cœur des Vosges. Débute alors une extraordinaire aventure à travers la nature sauvage pour Clémence et Rroû, qui vont grandir ensemble, croiser la route de l’énigmatique Madeleine et vivre une merveilleuse histoire qui va les transformer à tout jamais.",https://www.youtube.com/watch?v=yDTnUAr8Q-E,yDTnUAr8Q-E,45
tt15100894,La Colline,2021,75,['\\N'],"['Ilan Couartou', 'Mélisande Dorvault', 'Matteo Gaya']",['Inconnu'],['Julien Chauzit'],6.2,11.0,"In his first film, Julien Chauzit gathers four young adults in their twenties who are on holiday in Martigues, and he shows their political awakening, in the face of the environmental disaster to come.",1.368,/xwEBpbrqOfLWVLHCN1PWMIhmQmQ.jpg,"Dans son premier film, Julien Chauzit rassemble quatre jeunes adultes d'une vingtaine d'années en vacances à Martigues, et il montre leur éveil politique, face au désastre environnemental à venir.",,,46
tt15173948,Le trésor du petit Nicolas,2021,103,"['Comedy', 'Family']","['Ilan Debrabant', 'Audrey Lamy', 'Jean-Paul Rouve']","['Nicolas', 'Maman', 'Papa']",['Julien Rappeneau'],5.7,416.0,"In the peaceful world of Little Nicholas, there is Daddy, Mommy, the school, but above all, his band of friends. They are called The Invincibles, but above all they are inseparable. At least they think so. But when Dad gets a promotion and announces that the family is moving to the south of France, Nicolas' world falls apart. How can he imagine life without his best friends?",4.222,/fZA6f7z6N8hTmPFFYSR0k5aNvMo.jpg,"Dans le monde paisible du Petit Nicolas, il y a Papa, Maman, l’école, mais surtout, sa bande de copains. Ils s’appellent Les Invincibles, mais ils sont avant tout inséparables. Du moins le pensent-ils. Car quand Papa reçoit une promotion et annonce que la famille doit déménager dans le sud de la France, le petit monde de Nicolas s’effondre.  Comment imaginer la vie sans ses meilleurs amis ? Sans les croissants d’Alceste, les lunettes d’Agnan, les bêtises de Clotaire, loin de leur cher terrain vague ? Aidé par ses copains, Nicolas se met en quête d’un mystérieux trésor qui pourrait lui permettre d’empêcher ce terrible déménagement.",https://www.youtube.com/watch?v=FD77rVM5GL8,FD77rVM5GL8,47
tt15531718,Le Grand Chariot,2023,96,"['Drama', 'Family']","['Louis Garrel', 'Damien Mongin', 'Esther Garrel']","['Louis Burchnar', 'Pieter Chandelier', 'Martha Burchnar']",['Philippe Garrel'],6.0,324.0,"Three siblings comprise the latest generation in a family of puppeteers led with passion by their father. They are magicians of a kind, but can barely make ends meet, working mainly for the love of their craft. Their grandmother contributes too, not only as a seamstress but also as a repository of memories and wisdom. A tragic event will challenge the desire of each sibling to carry on.",0.991,/5Hm7AwqBsSDesHDqDcQZKDFZBDN.jpg,"« Le grand chariot » est une constellation d’étoiles. C’est aussi un théâtre de marionnettes. C’est l’histoire d’une famille de marionnettistes, une fratrie, Louis et ses deux sœurs Martha et Lena, leur père qui dirige la troupe et la grand-mère qui a fabriqué les poupées. Ensemble, ils forment une compagnie et donnent des spectacles de marionnettes. Un jour, lors d’une représentation, le père meurt d’une attaque, laissant ses enfants seuls.",https://www.youtube.com/watch?v=yJSQFAwYg5A,yJSQFAwYg5A,48
tt15607898,L'amour du monde,2023,76,['Drama'],"['Clarisse Moussa', 'Esin Demircan', 'Marc Oosterhoff']","['Margaux', 'Juliette', 'Joël']",['Jenna Hasse'],5.9,81.0,"When teenager Margaux bonds with seven year old Juliette and a local fisherman, her summer holidays turn upside down. An unusual friendship, where Margaux experiences tenderness and play and discovers a new way to understand herself.",1.476,/esNj0qJdixKNpYieAwnsncxYCmB.jpg,"Sur les rives du Lac Léman, Margaux, 14 ans, rencontre Juliette, une enfant de 7 ans placée dans un foyer, et Joël, un pêcheur récemment de retour d’Indonésie. Le trio, en rupture sourde avec la vie qui vient, se retrouve tiraillé entre attirance, déception et rêve d’ailleurs.",https://www.youtube.com/watch?v=rPPhahZPaBQ,rPPhahZPaBQ,49
tt15783304,Cet été-là,2022,99,"['Comedy', 'Drama']","['Rose Pou-Pellicer', 'Juliette Havelange', 'Marina Foïs']","['Dune', 'Mathilde', 'Sarah']",['Éric Lartigau'],5.5,239.0,"Every summer, 10-year-old Dune goes with her parents to the south-west coast of France, where she meets her best friend Mathilde. Together, they explore pine forests, contemplate the shape of clouds, follow teenagers and crash their parties, and secretly watch horror films. But this one summer is special for Dune – last year, the family skipped their usual holiday without her knowing why. She feels that something has changed. As childhood becomes a little more distant, she begins to see adults and teenagers differently and understand their secrets.",4.872,/5Hk4dsEw19QaGiII6uHKiJQ3lCH.jpg,"Dune a 11 ans. Depuis toujours, chaque été, elle traverse la France avec ses parents pour passer les vacances dans leur vieille maison des Landes. Là-bas, Mathilde, 9 ans, l’attend de pied ferme. Une amitié sans failles. Mais cet été-là ne sera pas un été de plus. L’année dernière, Dune et ses parents ne sont pas venus. On ne lui a pas dit pourquoi mais elle sent que quelque chose a changé. Sa mère si distante, les disputes des parents, Mathilde qui tarde à grandir, l’odeur des pins entêtante, le sable qui n’est plus si doux, les films d’horreur ridicules, les amours des grands ados du coin, tout met Dune en alerte. Elle veut comprendre, savoir. Cet été-là Dune va grandir.",https://www.youtube.com/watch?v=7WQfOZPe_3c,7WQfOZPe_3c,50
tt16953276,Pas d'chicane dans ma cabane!,2022,88,['Family'],"['Charlotte St-Martin', 'Louka Bélanger-Leos', 'Charlie Fortier']","['Justine', 'Guillaume', 'Claudia']",['Sandrine Brodeur-Desrosiers'],7.2,51.0,"Tired of her parents' constant arguments, 12-year-old Justine and her friends do everything they can to make them divorce.",1.328,/uJI2KI8ou9UYwcRhQfbzmu89eMm.jpg,"Lassées des disputes incessantes de ses parents, Justine, 12 ans, et ses amis font tout ce qu'ils peuvent pour les faire divorcer.",,,51
tt17049104,On sourit pour la photo,2022,95,['Comedy'],"['Jacques Gamblin', 'Pascale Arbillot', 'Pablo Pauly']","['Thierry Hamelin', 'Claire Hamelin', 'Antoine Hamelin']",['François Uzan'],5.7,267.0,"Thierry is convinced that the best is behind him. When Claire, his wife, tired of «it was better before», announced that she is leaving him, Thierry, devastated, decided to go back to Greece where they spend their best family holidays 20 years ago. Officially, he wants to spend one last week with their children before announcing their separation. Unofficially, he hopes to win back his wife... By trying to rekindle the flame of his couple, Thierry may well set his family on fire...",2.331,/qBJWTNFwa8vuyz9XvdDoJYJ0HuV.jpg,"Thierry passe ses journées à classer ses photos de famille, persuadé que le meilleur est derrière lui. Lorsque Claire, sa femme, lassée des ""c'était mieux avant"", lui annonce qu'elle le quitte, Thierry, dévasté, lui propose de refaire ""Grèce 98"", leurs meilleures vacances en famille. Officiellement, il veut passer une dernière semaine avec leurs enfants avant de leur annoncer leur séparation. Officieusement il espère reconquérir sa femme… Mais les enfants, désormais trentenaires, sont moins dociles qu'il y a 20 ans et la chasse aux souvenirs sur les routes de Grèce va vite fatiguer tout le monde. En tentant de rallumer la flamme de son couple, Thierry risque bien de mettre le feu à sa famille…",https://www.youtube.com/watch?v=_VnSL3SZqJU,_VnSL3SZqJU,52
tt18260116,"Le pharaon, le sauvage et la princesse",2022,83,"['Animation', 'Family']","['Serge Bagdassarian', 'Serge Bagdassarian', ""Thissa d'Avila Bensalah""]","['Géôlier et Prévôt (segment ""Le Beau Sauvage"")', 'Vizir et Marchand (segment ""La Princesse des roses et le Prince des beignets"")', 'Isis (segment ""Pharaon!"")']",['Michel Ocelot'],6.6,254.0,"Three tales, three ages, three worlds. At the time of Ancient Egypt, a young king becomes the first black pharaoh to deserve the hand of his loved one. During the French Middle Ages, a mysterious wild boy steals from the rich to give to the poor. In 18th-century Turkey, a prince of pastries and a princess of roses escape the palace to live their love.",2.702,/dOjV2vaFxDSJZkozCJV4yRecEUb.jpg,"3 contes, 3 époques, 3 univers : une épopée de l'Egypte antique, une légende médiévale de l'Auvergne, une fantaisie du XVIIIe siècle dans des costumes ottomans et des palais turcs, pour être emporté par des rêves contrastés, peuplés de dieux splendides, de tyrans révoltants, de justiciers réjouissants, d'amoureux astucieux, de princes et de princesses n'en faisant qu'à leur tête- dans une explosion de couleur.",https://www.youtube.com/watch?v=PtU6vWGdTrM,PtU6vWGdTrM,53
tt18484276,Coco Ferme,2023,87,['Family'],"['Oscar Desgagnés', 'Joey Bélanger', 'Emma Bao Linh Tourné']","['Max', 'Charles', 'Alice']",['Sébastien Gagné'],6.8,168.0,"After his father faces financial struggles, twelve-year-old MAX is forced to shut down the pawn shop he operates from his garage and move to a small country town. When Max discovers the world of small-scale farming, the young entrepreneur rallies the help of his cousin Charles, along with local youtuber Alice, to start an egg farming business in Charles's old decaying barn. The animal-friendly COCO FARM quickly becomes a major hit, but the three partners soon find themselves facing the harsh realities of an industry controlled by mega-sized agribusinesses.",3.295,/g1JBkKRgVHF1Bpu1qZLigNKWq7d.jpg,"Max et son père s'installent dans un village tranquille à plusieurs kilomètres de la grande ville. Lorsque Max fait la découverte de poules dans la vieille grande abandonnée de son cousin Charles, le jeune homme y voit une opportunité de se lancer en affaires en vendant des oeufs bio. Maxi fait appel à ses amis et notamment à Alice, une youtubeuse et de sa famille ainsi que tous les habitants du village dont le gentil Tite-Bière, Lorsque les forces bureaucratiques commencent à se liguer contre lui, Max doit utiliser toutes les leçons tirées de ses héros pour atteindre son but.",,,54
tt18671246,Les Cyclades,2022,110,['Comedy'],"['Laure Calamy', 'Olivia Côte', 'Kristin Scott Thomas']","['Magalie Graulières', 'Blandine Bouvier', 'Bijou']",['Marc Fitoussi'],6.1,1237.0,"As teenagers, Blandine and Magalie were inseparable. Years passed and they lost sight of each other. As their paths cross again, they decide to take the trip together that they have always dreamed of. Direction Greece, its sun, its islands but also its galleys because the two former best friends now have a very different approach to holidays... and to life!",4.967,/7q7zosFps60Fd0IkVgdCQBTX19i.jpg,"Adolescentes, Blandine et Magalie étaient inséparables. Les années ont passé et elles se sont perdues de vue. Alors que leurs chemins se croisent de nouveau, elles décident de faire ensemble le voyage dont elles ont toujours rêvé. Direction la Grèce, son soleil, ses îles mais aussi ses galères car les deux anciennes meilleures amies ont désormais une approche très différente des vacances… et de la vie !",https://www.youtube.com/watch?v=9vVnPSjnL3s,9vVnPSjnL3s,55
tt19513144,Le plongeur,2023,127,['Drama'],"['Henri Richer-Picard', 'Charles-Aubey Houde', 'Joan Hart']","['Stéphane', 'Bébert', 'Bonnie']",['Francis Leclerc'],7.2,603.0,"Montreal, winter 2002. Stéphane, 19 years old, fan of Metal, student in graphic design, dreams of becoming an illustrator. But for months he has been caught in a threatening spiral: he is addicted to games. Indebted, without an apartment, avoiding his friends to whom he owes money, Stéphane takes a job as a dishwasher in a restaurant to get by.",4.289,/igPf8orY9Ls9uYLtBmeSQwWdAdg.jpg,"Montréal, hiver 2002. Stéphane, 19 ans, fan de Métal, étudiant en graphisme rêve de devenir illustrateur. Mais depuis des mois il s'engouffre dans une spirale menaçante : il est accro aux jeux. Endetté, sans appartement, évitant ses amis à qui il doit de l'argent, Stéphane prend un job de plongeur dans un restaurant afin de s'en sortir. Il découvre la vie survoltée d'un restaurant à l'approche des fêtes et sa galerie de personnages.",https://www.youtube.com/watch?v=_gkrxhgUKAs,_gkrxhgUKAs,56
tt19722066,Ducobu Président !,2022,86,"['Comedy', 'Family']","['Gabin Tomasino', 'Adèle Barazzuol', 'Elie Semoun']","['Ducobu', 'Léonie Gratin', 'Gustave Latouche']",['Elie Semoun'],3.7,219.0,"Ducobu is elected president of the school, much to Léonie and Latouche's despair!",5.403,/8cZaSS2XlTraxaflMt0gLstORsa.jpg,"Une nouvelle année scolaire démarre pour Ducobu ! À l’école Saint Potache, une élection exceptionnelle va avoir lieu pour élire le président des élèves. C’est le début d’une campagne électorale un peu folle dans laquelle vont se lancer les deux adversaires principaux : Ducobu et Léonie. À l’aide de son ami Kitrish et de ses nombreux gadgets, Ducobu triche comme jamais et remporte l’élection. Parc d’attraction dans la cour, retour de la sieste, suppression des légumes à la cantine… pour Latouche, trop c’est trop !",https://www.youtube.com/watch?v=W8pa0xf5vis,W8pa0xf5vis,57
tt19846220,Jacky Caillou,2022,92,"['Drama', 'Fantasy', 'Thriller']","['Thomas Parigi', 'Edwige Blondiau', 'Lou Lampros']","['Jacky Caillou', 'Gisèle Caillou', 'Elsa']",['Lucas Delangle'],5.8,160.0,"High in the French Alps, Jacky Caillou lives with his grandmother, Gisèle, a magnetizer-healer recognized by all. As Gisèle begins to pass on her gift, a young woman arrives from the city to consult. A strange stain spreads over her body. Certain that he will be able to heal her, Jacky runs after the miracle.",1.063,/ltdTsU7QABoKVGDeMF3retgRqyF.jpg,"Un village de montagne. Haut dans les Alpes. Jacky Caillou vit avec sa grand-mère, Gisèle, une magnétiseuse-guérisseuse reconnue de tous. Alors que Gisèle commence à lui transmettre son don, une jeune femme arrive de la ville pour consulter. Une étrange tache se propage sur son corps. Certain qu’il pourra la soigner, Jacky court après le miracle.",https://www.youtube.com/watch?v=0NbjEgYPW8g,0NbjEgYPW8g,58
tt20192062,"Zodi & Tehu, frères du désert",2023,105,"['Adventure', 'Family']","['Yassir Drief', 'Alexandra Lamy', 'Youssef Hajdi']","['Zodi', 'Julia', 'Tarek']",['Eric Barbier'],6.1,256.0,"Zodi, a 12 years old nomad, find an orphan baby dromedary in the desert. He takes in the animal, feeds it, calls it Téhu and becomes its best friend.",3.347,/xj0Rtbd66aGr0JiLphwjOLnNMgD.jpg,"Zodi, un jeune nomade de 12 ans, découvre dans le désert un bébé dromadaire orphelin. Il le recueille, le nourrit, le baptise Téhu et devient son meilleur ami. Zodi apprend par une vétérinaire, Julia, que Téhu est un coureur exceptionnel et qu’il peut rapporter beaucoup d’argent à sa tribu. Mais les qualités de son jeune dromadaire suscitent la convoitise de Tarek le braconnier de la région. Pour éviter que Téhu ne soit vendu, Zodi décide alors de s’enfuir et de traverser le Sahara. C’est pendant ce voyage que Zodi affrontera Tarek, survivra à une tempête de sable et traversera la mer de sel avec pour ultime objectif d'inscrire Téhu à la plus grande course de dromadaires au monde à Abu Dhabi. Avec l’aide de Julia, Zodi va se démener pour réaliser son rêve, faire de Téhu un champion et sauver sa tribu.",https://www.youtube.com/watch?v=H04BslwrCuI,H04BslwrCuI,59
tt20330434,Mon crime,2023,102,"['Comedy', 'Crime']","['Nadia Tereszkiewicz', 'Rebecca Marder', 'Isabelle Huppert']","['Madeleine Verdier', 'Pauline Mauléon', 'Odette Chaumette']",['François Ozon'],6.5,5894.0,"In 1930s Paris, Madeleine, a pretty, young, penniless and talentless actress, is accused of murdering a famous producer. Helped by her best friend Pauline, a young unemployed lawyer, she is acquitted on the grounds of self-defense. A new life of fame and success begins, until the truth comes out.",8.193,/A1ABwrOmR9rRBOBKfUsYKYpOhDd.jpg,"Dans les années 30 à Paris, Madeleine Verdier, jeune et jolie actrice sans le sou et sans talent, est accusée du meurtre d’un célèbre producteur. Aidée de sa meilleure amie Pauline, jeune avocate au chômage, elle est acquittée pour légitime défense. Commence alors une nouvelle vie, faite de gloire et de succès, jusqu’à ce que la vérité éclate au grand jour.",https://www.youtube.com/watch?v=PaNkAPIUvpA,PaNkAPIUvpA,60
tt20511498,Plancha,2022,100,['Comedy'],"['Lambert Wilson', 'Franck Dubosc', 'Guillaume de Tonquédec']","['Antoine Chevalier', 'Baptiste', 'Yves']",['Eric Lavaine'],5.4,665.0,"To celebrate Yves’ 50th birthday, his friends plan to take him to the sunny paradise of Paros in Greece. But due to a cancelled flight, the holiday will take place in a far less glamorous and much rainier destination: Yves’ family home in Brittany. During the vacation, their bonds are challenged by Antoine’s constant complaining, Yves’ pride, Baptiste’s superstition and Laurent’s jealousy of Jean-Mich’s perfect life and family. On top of that, Antoine’s supposedly harmless joke – offering Yves a DNA ancestry test – has unforeseen consequences…",5.299,/vUZVyYwtVljeY57EY5R1PEdfy9m.jpg,"Un groupe d’amis se réjouit de fêter les 50 ans de l’un d’entre eux, Yves, en Grèce. Mais l’annulation de leur vol les contraint à se rabattre sur le Finistère, dans le manoir familial de Yves, qui, en tant que parfait breton, leur a brossé un portrait idyllique de la Bretagne : vieilles pierres, lande fascinante, plages de sable fin et Fest Noz endiablés. Tout y est, en effet, mais sous la pluie. Et surtout, l’anniversaire de Yves va être l’occasion de révélations inattendues.",https://www.youtube.com/watch?v=1ZEJEgxtNI4,1ZEJEgxtNI4,61
tt21372086,Les miens,2022,85,['Drama'],"['Sami Bouajila', 'Roschdy Zem', 'Meriem Serbah']","['Moussa Benbrick', 'Ryad', 'Samia']",['Roschdy Zem'],6.3,370.0,"Moussa has always been gentle, altruistic and present for his family. This is the opposite of his brother Ryad, a TV presenter of great notoriety who is reproached for his selfishness by his entourage. Only Moussa defends him, who has great admiration for his brother. One day Moussa falls and hits his head violently. He suffers a head injury. Unrecognizable, he now speaks without a filter and tells his relatives the truth. He ends up falling out with everyone except Ryad.",3.363,/gcEaRTwdf79DpRGrQS3Obs8Xv6z.jpg,"Moussa a toujours été doux, altruiste et présent pour sa famille. A l’opposé de son frère Ryad présentateur télé à la grande notoriété qui se voit reprocher son égoïsme par son entourage. Seul Moussa le défend, qui éprouve pour son frère une grande admiration. Un jour Moussa chute et se cogne violemment la tête. Il souffre d’un traumatisme crânien. Méconnaissable, il parle désormais sans filtre et balance à ses proches leurs quatre vérités. Il finit ainsi par se brouiller avec tout le monde, sauf avec Ryad.",https://www.youtube.com/watch?v=lQHI7Admmlg,lQHI7Admmlg,62
tt21909950,Hawa,2022,104,"['Comedy', 'Drama', 'Family']","['Sania Halifa', 'Oumou Sangaré', 'Yseult']","['Hawa', 'Maminata Diawara', 'Yseult']",['Maïmouna Doucouré'],5.2,465.0,"A teenage girl lives with her grandmother and worries she will be removed by social services. She sets off to get adopted by someone she admires more than anything, one of the most powerful women in the world.",8.174,/p6DhbsX1EuSJMtuOGsENkIOx1tt.jpg,"Hawa, une adolescente de 15 ans, vit seule avec sa grand-mère gravemment malade et refuse toutes les « remplaçantes » que cette dernière lui propose. Jusqu’au jour où elle décide que la seule femme en mesure de l’adopter ne peut être que... Michelle Obama.",https://www.youtube.com/watch?v=9HhtWAmkWME,9HhtWAmkWME,63
tt23435128,23 décembre,2022,101,['Romance'],"['François Arnaud', 'Michel Barrette', 'Pierre-Luc Beaucage']","['Alex', 'Normand', 'Homme faché']",['Miryam Bouchard'],6.0,256.0,The choral film tells the intertwined destinies of several characters that we will follow in the frenzy of the day before Christmas.,1.708,/uBtJgO1erpO1zJDWpWlsXny3ygt.jpg,"C'est le 23 décembre, avant-veille de Noël. Une tempête s'apprête à s'abattre sur le Québec. Certains vivent cette période dans le calme et la sérénité, d'autres moins. Elsa est une autrice de roman jeunesse qui n'a jamais réussi à trouver l'amour. Elle attend la visite d'un ami de longue date, qui arrive de Londres. Pendant ce temps, sa soeur et son amoureux comptent les jours avant la naissance de leur premier enfant. Est-ce que cette arrivée mettra un terme à leur précieuse liberté ? La mère d'Elsa travaille fort aux fourneaux pour offrir un réveillon digne de ce nom à ses enfants aux exigences multiples. Un incident viendra bouleverser le quotidien de tous. Ils se retrouveront au coeur de la ville de Québec, dans un chic hôtel dont le quotidien est fait de heurts et bonheurs, lieu de tous les possibles. Entre tempête de neige, déceptions et espoirs, l'amour triomphera-t-il ?",,,64
tt25750424,Voyages en Italie,2023,91,"['Comedy', 'Romance']","['Philippe Katerine', 'Sophie Letourneur']","['Jean-Philippe', 'Sophie']",['Sophie Letourneur'],6.0,215.0,"A French couple burnt out by the routine of their daily family life decides after much hesitation to travel to Sicily for a short holiday. Voyages en Italie depicts the neuroses and eccentricities of Jean-Philippe and Sophie, the gracious dynamics of their relationship and the depth of their affection and intimacy.",2.137,/ij7pCTFiAIE3fkaDPU90xZ455X5.jpg,"Une escapade romantique peut-elle raviver la flamme dans un couple ? Elle a réussi à le convaincre de partir quelques jours sans enfant. Ce sera où il a envie, sauf en Italie. Il y est déjà allé avec toutes ses ex... L'Espagne ? Les sentiers de l'Aubrac ? Ce sera finalement la Sicile – car selon lui, c'est pas tout à fait l'Italie.",https://www.youtube.com/watch?v=AdgN4prc0CY,AdgN4prc0CY,65
tt7534136,Petit vampire,2020,85,"['Animation', 'Family', 'Fantasy']","['Camille Cottin', 'Louise Lacoste', 'Louise Lacoste']","['Madame Pandora', 'Petit Vampire', 'Bois Dormante']",['Joann Sfar'],6.3,565.0,"Little Vampire lives in a haunted house with a merry group of monsters, but he is bored stiff! One night, he secretly sneaks out of the manor along with his trusted bulldog, Phantomato, on a quest to find some new friends.",3.475,/mLd9FVJTwnPO3ERv82ea5IZo6Hl.jpg,"Petit Vampire vit dans une maison hantée avec une joyeuse bande de monstres, mais il s’ennuie terriblement... Cela fait maintenant 300 ans qu’il a 10 ans, alors les bateaux de pirates, et le cinéclub, ça fait bien longtemps que ça ne l’amuse plus. Son rêve ? Aller à l’école pour se faire des copains. Mais ses parents ne l’entendent pas de cette oreille, le monde extérieur est bien trop dangereux. Accompagné par Fantomate, son fidèle bouledogue, Petit Vampire s’échappe du manoir en cachette, déterminé à rencontrer d’autres enfants. Très vite, il se lie d’amitié avec Michel, un petit garçon aussi malin qu’attachant. Mais leur amitié naissante va attirer l’attention du terrifiant Gibbous, un vieil ennemi qui était sur les traces de Petit Vampire et sa famille depuis des années…",https://www.youtube.com/watch?v=DcY94xcgpOQ,DcY94xcgpOQ,66
tt8335482,Le prince oublié,2020,101,"['Adventure', 'Comedy', 'Family']","['Omar Sy', 'Omar Sy', 'Bérénice Bejo']","['Le père', 'Le prince', 'La voisine']",['Michel Hazanavicius'],5.4,1636.0,"Djibi lives alone with Sofia, his 8-year-old daughter. Every night, he invents a story to put him to sleep. When Sofia falls asleep, these extraordinary stories come to life somewhere in an imaginary world inhabited by knights, pirates and other dragons. In this world that belongs only to them, Sofia is always the princess to save, and the brave Prince is none other than Djibi himself.  But 3 years later, the entry of Sofia to the college will mark the end of her childhood. To the despair of her father, she no longer needs her stories at night. On the one hand, Djibi will have to accept that his daughter will grow up and move away from him. On the other hand, in the World of Stories, the Prince will have to face the most epic of all his adventures. Find your destiny in a world where it no longer has a place.",13.671,/iFcSfoMu9hQIX4t0CxIkDJKgIES.jpg,"Sofia, 8 ans, vit seule avec son père. Tous les soirs, il lui invente une histoire pour l’endormir. Ses récits extraordinaires prennent vie dans un monde imaginaire où l’héroïne est toujours la princesse Sofia, et son père, le Prince courageux. Mais trois ans plus tard, quand Sofia rentre au collège, elle n’a plus besoin de ces histoires. Désarmé, son père va devoir accepter que sa fille grandisse et s’éloigne de lui. Dans leur Monde imaginaire, le Prince va alors devoir affronter la plus épique de toutes ses aventures pour conserver une place dans l’histoire.",https://www.youtube.com/watch?v=gntyId_b1Ws,gntyId_b1Ws,67
