id_film,titre_original,annee_sortie,duree,genres,acteurs,personnage_film,directeur,moyenne_notes,nombre_votes,description_en,popularite,chemin_affiche,description_fr
tt10023150,Mon cousin,2020,104,Comedy,"['Vincent Lindon', 'Matei Dussarps', 'Pascale Arbillot']","['Pierre Pastié', 'Adrien jeune', 'Olivia Pastié']",Jan Kounen,5.3,706.0,"Pierre is the highly successful CEO of a large family-owned company. Before signing the deal of the century, he has to settle one last formality: obtain the signature of his cousin Adrien who owns 50% of his firm. This sweet, idealistic dreamer, who makes one blunder after another, is so happy to see Pierre again that he wants to spend time with him and delay the moment of signing. So Pierre has no choice but to take his cousin with him on a turbulent business trip during which his patience will be put to the test.",4.697,/wRGGPn8iukAYqCwbqMyw60DH6KV.jpg,"Pierre est le PDG du groupe Pastié qui réunit les plus grandes marques internationales d’alcool mais aussi de grands crus classés. Comme tous les cinq ans, il doit renouveler chez le notaire le contrat qui le lie à son cousin Adrien. Un cousin qu’il ne supporte pas parce que ce dernier malgré lui enchaîne les maladresses et les gaffes qui risquent une fois de plus de mettre la société en péril ! Mais cette fois-ci les choses vont mal tourner... Sur le ton de la comédie les deux cousins aux tempéraments extraordinairement opposés vont se retrouver embarqués dans une aventure rocambolesque jusque dans les luxueux vignobles du Bordelais où, face à l’adversité, ils vont finir par se réconcilier."
tt10233406,Les blagues de Toto,2020,84,"Comedy,Family","['Gavril Dartevelle', 'Guillaume de Tonquédec', 'Anne Marivin']","['Toto', 'Jérôme, le papa de Toto', 'Sylvie, la maman de Toto']",Pascal Bourdiaux,4.0,190.0,"Back-to-school! For troublemaker Toto, it’s the best playground for fooling around. When a sculpture collapses during the opening of a museum, Toto is immediately blamed.  To prove his innocence, Toto has no other option but making a pact with Igor, the school nerd. In exchange for his help, Toto will help Igor being cool.  The unlikely duo turns into little detectives. A fun and exciting adventure begins…",3.014,/4tZzPJHuszU7SxcqYTh7KH6cwBW.jpg,"A l’école, Toto est bien plus doué pour faire rire ses copains qu’écouter les leçons de la maîtresse. Avec ses parents aussi, les blagues de Toto se transforment souvent en catastrophes… La dernière en date ? La chute d’une sculpture pendant un évènement organisé par le patron de son père. Mais cette fois-ci, Toto assure qu’il est innocent et refuse d’être accusé d’une bêtise que pour une fois, il n’a pas faite ! Avec ses meilleurs amis, il va mener l’enquête."
tt10341040,Around the World in 80 Days,2021,82,"Adventure,Animation,Comedy","['Damien Frette', 'Julien Crampon', 'Kaycie Chase']","['Philéas', 'Passepartout', 'Aouda']",Samuel Tourneux,4.7,996.0,"Passepartout is a young and scholarly marmoset who always dreams of becoming an explorer. One day, he crosses paths with Phileas, a reckless and greedy frog, eager to take on a bet to circumnavigate the globe in 80 days and earn 10 million clams in the process. Seizing the opportunity of a lifetime to explore the world, Passepartout embarks with his new friend on a crazy and exhilarating adventure full of twists and surprises.",8.193,/pWPTnHtvlmggjGonie1VZNKViLV.jpg,"Passepartout, un ouistiti naïf mais plein d’entrain, rêve de partir à l’aventure depuis toujours. L’occasion se présente sous la forme de Phileas Frog, un explorateur vanneur et arnaqueur, et d’un pari à plusieurs millions : établir le nouveau record du tour du monde en 80 jours. De déserts brûlants en jungles mystérieuses, de princesses intrépides en criquets adorateurs de volcans, Passepartout va découvrir à quel point le monde est vaste, merveilleux et dingo."
tt10366428,Le sens de la famille,2020,100,Comedy,"['Franck Dubosc', 'Alexandra Lamy', 'Christiane Millet']","['Alain', 'Sophie', 'Mamie Thérèse']",Jean-Patrick Benes,6.0,1032.0,"Husband does not understand his wife? Conflict with children? Do you want to be heard and stood in your place? Be afraid of your desires. In this family, everything changed places, including grandmother.",14.555,/qXeJkpKnG5wl2UqnudHapIEjyaY.jpg,"Un matin, les Morel se réveillent avec un gros problème. Ils découvrent que l'esprit de chacun est coincé dans le corps d’un autre membre de la famille ! Chacha, 6 ans, est dans le corps de Papa, Papa dans le corps de son ado de fils, le fils dans le corps de la grande sœur, la grande sœur dans le corps de la mère, et la mère dans le corps de Chacha…. Vous n’avez pas suivi ? Eux non plus. Et ce n’est que le début."
tt10369344,L'aventure des Marguerite,2020,89,"Comedy,Family,Fantasy","['Lila Gueneau', 'Lila Gueneau', 'Alice Pol']","['Margot', 'Marguerite', 'Tante Alice']",Pierre Coré,6.1,342.0,"Margot and Marguerite are 12-year-old girls who seem no different from any other youngsters with the usual family and peer problems. While they appear to have similar faces and body shapes, they wear different clothes and hairstyles, but the biggest difference between them is that one lives in 1942 and the other in 2020. When the girls crawled into a wooden chest they were magically sent into each other’s timeline, and because the girls look so similar their family and friends do not notice the swap.",3.531,/dneHtelc4qqqOJzzaGzpixjA88W.jpg,"Marguerite et Margot ont toutes les deux douze ans, avec chacune sa famille, ses copains, ses problèmes... Et son époque. Car l’une vit en 1942 et l’autre en 2018. Mais c’est sans compter sur une mystérieuse malle magique qui les transporte chacune dans l’époque de l’autre. Margot et Marguerite ont un autre point commun : leur père n’est plus là, disparu en pleine 2ème Guerre Mondiale ou n’habitant plus à la maison. À 70 ans d’écart, elles se lancent dans une grande aventure pour retrouver leurs présents, explorant l’Histoire, mais aussi la mémoire de leurs familles."
tt10392128,Attention au départ !,2021,93,Comedy,"['André Dussollier', 'Jérôme Commandeur', 'Jonathan Lambert']","['Antoine', 'Benjamin', 'Michaud']",Benjamin Euvrard,5.2,397.0,"Finally, the holidays are here! Vlad and his friends are so excited! Jérôme, Vlad’s father, is in charge. André, the grandfather of Jeanne and Basile, is also here to help. Six kids, two adults, an eight-hour train trip. Nothing could go wrong. But Jérôme and André miss the train… and watch it leave the station with the kids on board. It’s the beginning of a crazy race for the unlikely duo. While the unsupervised children go wild and have the time of their life, André and Jérôme go through various delays and adventures…",4.913,/89JKGiDKxIaW3Hieficws0eiBLr.jpg,"Rater le train, c'est moche. Alors le voir partir avec vos enfants et ceux de vos amis dont vous avez la charge, c’est une autre histoire… Celle de la folle course-poursuite de Benjamin, papa poule un peu dépassé et Antoine, grand-père fantasque, qui doivent trouver une solution avant qu’on apprenne… qu’ils ont perdu les gosses ! Rattraper le train est leur seule chance de se rattraper..."
tt10405142,Qu'est-ce qu'on a tous fait au Bon Dieu ?,2021,98,Comedy,"['Christian Clavier', 'Chantal Lauby', 'Ary Abittan']","['Claude Verneuil', 'Marie Verneuil', 'David Benichou']",Philippe de Chauveron,6.1,4185.0,"Claude and Marie Verneuil will soon be celebrating their 40th wedding anniversary. For the occasion, their four daughters - Isabelle, Odile, Ségolène and Laure - decide to organize a big surprise party in their family home in Chinon. They also decide to invite, each, the parents of their respective husbands - Rachid Benassem, David Benichou, Chao Ling and Charles Koffi.",24.159,/jN0xIYBgkfSWIMqhJlQMyPY29ti.jpg,"Ce sont bientôt les 40 ans de mariage de Claude et Marie Verneuil. Pour cette occasion, leurs 4 filles décident d’organiser une grande fête surprise dans la maison familiale de Chinon et d’y inviter les parents de chacun des gendres, pour quelques jours. Claude et Marie vont devoir accueillir sous leur toit les parents de Rachid, David, Chao et Charles : ce séjour « familial » s'annonce mouvementé."
tt10415020,L'homme parfait,2022,86,Comedy,"['Didier Bourdon', 'Pierre-François Martin-Laval', 'Valérie Karsenti']","['Franck Pernet', 'Bobby', 'Florence']",Xavier Durringer,4.6,186.0,"Florence, a lawyer overwhelmed by her family life, decides to buy a humanoid robot with a perfect physique. The robot meets all her expectations: maintain the house, take care of the children, and more... By maliciously disrupting their daily routine, the robot also arouses the jealousy of her self-centered careless husband, Franck, a second-class actor who suddenly realizes he must make some efforts not to lose the love of his wife.",2.671,/uh0zvgzErHrSXmIkW9YL9H9PFZc.jpg,"Florence, débordée par sa vie de famille et son travail, décide d’acheter un robot à l’apparence humaine et au physique parfait. Il répond à toutes ses attentes : entretenir la maison, s’occuper des enfants, et plus encore… Mais le robot va vite susciter de la jalousie chez Franck, son mari acteur je-m’en-foutiste au chômage. De peur de perdre sa femme, Franck décide de reprendre les choses en mains, d’autant que le robot semble trouver un malin plaisir à semer le trouble dans leur couple !"
tt10534996,Josep,2020,71,"Animation,Biography,Drama","['Sergi López', 'Emmanuel Vottero', 'Emmanuel Vottero']","['Josep Bartoli', 'Martin', ""L'homme du consulat""]",Aurel,7.4,2209.0,"February 1939. Overwhelmed by the flood of Republicans fleeing Franco's dictatorship, the French government's solution consists in confining the Spanish refugees in concentration camps where they have no other choice than to build their own shelters, feed off the horses which have carried them out of their country, and die by the hundred for lack of hygiene and water... In one of these camps, two men, separated by barbwire, will become friends. One is a guard the other is Josep Bartoli (Barcelona 1910 - New York 1995), a cartoonist who fights against the Franco regime.",8.483,/o0pwyA3PqgqfguXUKc475SJYR2x.jpg,"Février 1939. Submergé par le flot de Républicains fuyant la dictature franquiste, le gouvernement français les parque dans des camps. Deux hommes séparés par les barbelés vont se lier d’amitié. L’un est gendarme, l’autre est dessinateur. De Barcelone à New York, l'histoire vraie de Josep Bartolí, combattant antifranquiste et artiste d'exception."
tt10945254,Opération Portugal,2021,95,Comedy,"[""D'Jal"", ""D'Jal"", 'Sarah Perles']","['Hakim', 'Joaquim', 'Julia']",Frank Cimière,4.7,536.0,"Hakim, 35, a friendly neighborhood cop, must infiltrate the Portuguese community for the purpose of an investigation. But can one become Portuguese in three days? Especially when we know that Hakim is a walking disaster at undercover operations. His clumsiness and bad luck turn his many infiltrations into cataclysms. The case is clearly too big for him. Quickly trapped between his feelings and his mission, Hakim, who lives alone with his mother, will discover a community, but also a family.",8.319,/lzTNmjQuF6yFIFVhfp9n3z1Ebm6.jpg,"Hakim, 35 ans, sympathique flic de quartier d’origine marocaine, doit infiltrer la communauté portugaise pour les besoins d’une enquête. Mais peut-on devenir Portugais en trois jours ? Surtout quand on sait qu’en intervention Hakim est une catastrophe ambulante. Sa maladresse et sa malchance transforment ses nombreuses initiatives en cataclysmes. Le costume est clairement trop grand pour lui. Rapidement pris au piège entre ses sentiments et sa mission, Hakim, qui vit seul avec sa mère, va découvrir une communauté, mais aussi une famille."
tt11060092,Poly,2020,102,Family,"['François Cluzet', 'Julie Gayet', 'Patrick Timsit']","['Victor', 'Louise', 'Brancalou']",Nicolas Vanier,5.7,226.0,The adventures of Shetland pony Poly in the South of France.,2.939,/n2v7Uqe9wjguBjDtOX9sbA1OSMh.jpg,"Cécile, 10 ans, déménage dans le sud de la France avec sa mère, Louise. L’intégration avec les autres enfants du village n’est pas facile. Lorsqu’un cirque de passage s’installe à côté, Cécile découvre que Poly le poney vedette est maltraité. Elle décide de le protéger et d’organiser son évasion ! Poursuivis par Brancalou, l’inquiétant directeur du cirque, et le mystérieux Victor, Cécile et Poly s’embarquent dans une cavale pleine de rebondissements, un véritable voyage initiatique et une incroyable histoire d’amitié…"
tt11231280,Félix et le trésor de Morgäa,2021,85,"Adventure,Animation,Family","['Karine Vanasse', 'Karine Vanasse', 'Gabriel Lessard']","['Morgäa', 'Madeleine', 'Félix']",Nicola Lemay,5.4,419.0,"Taking advantage of his mother's absence as she departs on a cruise ship for some rest and relaxation, 12-year-old Félix sets out to find his father, a fisherman who disappeared at sea two years earlier.",5.399,/fqRKcVybzM2NXV9p9vvx337HMXy.jpg,"Félix, 12 ans, est convaincu que son père, disparu en mer deux ans plus tôt, n'est pas mort. Pendant que sa mère est en voyage, le garçon décide de partir à la recherche de son paternel avec le vieux Tom, un marin à la retraite. Ensemble, ils débarqueront sur une île mystérieuse, qui cache une cité souterraine dirigée par la mégalomane Morgäa. Cette dernière détient un trésor précieux qu'elle protège férocement. Une fois que Félix et Tom auront pénétré les murs de sa cité, il sera beaucoup plus difficile pour eux d'en ressortir. Ils devront user d'ingéniosité et d'adresse s'ils veulent revoir la lumière du jour."
tt11302336,Des hommes de paille,2021,88,Thriller,"['Emile Berling', 'Félix Cohen', 'Sophie Dumont']",['Inconnu'],Jonathan Safir,4.8,34.0,"A simple and quiet young man, Ruben faces the ups and downs of his life. But now, in the family, the “lame duck” is his brother. He allowed himself to be drawn by a gang of thugs into a high-risk enterprise. After being badly beaten in a beating, he finds himself between life and death. Fatally invested with a brotherly duty, Ruben goes to find the thugs to try to remove them from his ""brother"" and put an end to this story. But what was supposed to be an end turns out to be a nightmarish departure.",0.945,/z1JCa5Mr2ip7Knw0sU9fEKKW6bj.jpg,"Jeune homme simple et tranquille, Ruben fait face aux hauts et aux bas de son existence. Mais voilà, dans la famille, le “ canard boiteux ” c’est son frère. Il s’est laissé entraîner par une bande de malfrats dans une entreprise à hauts risques. Après avoir reçu de mauvais coups lors d’un passage à tabac, il se retrouve entre la vie et la mort. Fatalement investit d’un devoir fraternel, Ruben va trouver les truands pour tenter de les écarter de son “frangin” et mettre un terme à cette histoire. Mais ce qui devait être une ﬁn s’avère être un cauchemardesque départ. Transformé lui-même en “ paillasse ” et forcé de travailler pour le compte de la pègre, Ruben va quitter l’ordinaire pour pénétrer dans l’extrême. Voyage rude et cruel où la solitude côtoiera violence et vanité."
tt12416794,La petite bande,2022,106,Comedy,"['Paul Belhoste', 'Mathys Clodion-Gines', 'Aymé Medeville']","['Aimé', 'Fouad', 'Antoine Karchaoui']",Pierre Salvadori,6.2,350.0,The adventures of a group of passionate and fearless young children. One girl and four boys.,2.007,/f6VSA69tHQkt8w5kbSK3PbeL13z.jpg,"La petite bande, c’est Cat, Fouad, Antoine et Sami, quatre collégiens de 12 ans. Par fierté et provocation, ils s’embarquent dans un projet fou : faire sauter l’usine qui pollue leur rivière depuis des années. Mais dans le groupe fraîchement formé les désaccords sont fréquents et les votes à égalité paralysent constamment l’action. Pour se départager, ils décident alors de faire rentrer dans leur petite bande, Aimé, un gamin rejeté et solitaire. Aussi excités qu’affolés par l’ampleur de leur mission, les cinq complices vont apprendre à vivre et à se battre ensemble dans cette aventure drôle et incertaine qui va totalement les dépasser."
tt12715472,Inexorable,2021,98,Thriller,"['Benoît Poelvoorde', 'Mélanie Doutey', 'Alba Gaïa Bellugi']","['Marcel Bellmer', 'Jeanne Drahi Bellmer', 'Gloria Bartel']",Fabrice du Welz,6.1,1202.0,"Desperately seeking inspiration for the follow-up novel to his bestseller ""Inexorable"", Marcel Bellmer moves in his wife's old family mansion with his family.",49.763,/cIdnkWNpEO7pwCUV3Jv5qKiKTlt.jpg,"Après le succès retentissant de son premier roman Inexorable, Marcel Bellmer n’a jamais vraiment réussi à renouer avec le succès. Des années plus tard et au sortir d’une dépression qui l’a terrassé, il emménage avec sa femme et éditrice Jeanne Drahi, sa fille Lucie et leur chien Ulysse dans la riche propriété de son beau-père tout juste décédé. Dans ce temple de l’érudition où se sont succédé les grands écrivains du XXème Siècle, Marcel sent qu’il est rattrapé par ses démons. C’est alors que Gloria, étrangement fascinée par les Bellmer, se fait engager comme femme de ménage. Jeune et fougueuse, elle se rapproche de Marcel, ils s’attirent. Alors que Marcel sent revenir en lui le feu qui lui avait inspiré Inexorable, il glisse inexorablement dans un piège qui pourrait bien le mener à sa perte."
tt12826598,Interdit aux chiens et aux Italiens,2022,70,"Animation,Drama,Family","['Ariane Ascaride', 'Alain Ughetto', 'Alain Ughetto']","['Cesira', 'Narrator', 'Le photographe']",Alain Ughetto,7.3,2152.0,"Early 20th century, in the Ughetto family's home village, Ughettera, Northern Italy. Life in the region had become very difficult and the Ughettos dreamed of a better life abroad. Legend has it that Luigi Ughetto crossed the Alps and started a new life in France, thus changing his beloved family's destiny forever. His grandson retraces their story.",3.151,/2qejXMefMOQvYRz8MkgHRsEodOv.jpg,"Avant de mourir, mon père m'a raconté la légende de notre famille: durant des générations, nous sommes nés, nous nous sommes mariés et nous sommes morts dans un village piémontais, Ugheterra, ""terre des Ughetto"", où tous les habitants ont le même nom de famille que nous. Qui étaient ces gens ? Comment vivaient-ils ? Pourquoi ont-ils fui et où sont-ils allés ?"
tt12847022,C'est quoi ce papy ?!,2021,103,"Adventure,Comedy,Family","['Chantal Ladesou', 'Patrick Chesnais', 'Julie Gayet']","['Mamie Aurore', 'Papy Gégé', 'Sophie']",Gabriel Julien-Laferrière,5.0,167.0,"Everyone's favorite fun-loving Granny Aurore goes overboard while partying and has a little accident! She loses her memory and gets put in a nursing home. When her grandkids hear her mention a mysterious man named ""Gerry"", they put all seven of their heads together to figure out who he is: Aurore's first and only true love who just might turn out to be their long-lost grandfather, too! Hoping to trigger old memories that could snap her out of her amnesia, they join forces to sneak Aurore out of the nursing home and set out into the wilderness on a mission to find the legendary ""Grandpa Gerry"". But the adventure turns out to be a lot more than they bargained for!",2.446,/ueAIPiqKjQHBs960tZ6al5PcOde.jpg,"Aurore, la plus déjantée des mamies fait une chute spectaculaire lors d’une danse endiablée. Elle perd la mémoire et se retrouve en convalescence dans une maison de repos. Des bribes de souvenirs lui remontent parfois, évoquant un mystérieux Gégé, qu'elle aurait pu connaître dans sa jeunesse. Ses sept petits enfants décident alors de faire évader leur mamie et partent à travers la France à la recherche de celui qu’ils croient être leur Papy."
tt12847352,Les Tuche 4,2021,101,Comedy,"['Jean-Paul Rouve', 'Isabelle Nanty', 'Isabelle Nanty']","['Jeff Tuche', 'Cathy Tuche', 'Maguy Marteau']",Olivier Baroux,4.5,711.0,"After having resigned from his post as President of the Republic, Jeff and his family are happy to be back in their village of Bouzolles. As the end of the year holidays approach, Cathy asks for a unique gift: to reconnect with her sister Maguy, and her husband Jean-Yves, with whom Jeff has been angry for 10 years. The reconciliation could have gone smoothly, except that during a lunch, Jeff and Jean-Yves, will once again find a subject of contention: CHRISTMAS. This family feud, which should never have left Bouzolles, will turn into a standoff between Jeff and a giant of Internet distribution.",5.658,/5FBjYhj7EQ85wniVpuYmxg6RJQs.jpg,"Après avoir démissionné de son poste de président de la république, Jeff et sa famille sont heureux de retrouver leur village de Bouzolles. À l’approche des fêtes de fin d’année, Cathy demande un unique cadeau : renouer les liens avec sa sœur Maguy, et son mari Jean-Yves avec qui Jeff est fâché depuis 10 ans… La réconciliation aurait pu se dérouler sans problème, sauf que lors d’un déjeuner, Jeff et Jean-Yves, vont une nouvelle fois trouver un sujet de discorde : NOËL. Cette querelle familiale qui n’aurait jamais dû sortir de Bouzolles va se transformer en bras de fer entre Jeff et un géant de la distribution sur Internet."
tt13321782,Le petit piaf,2021,95,"Comedy,Family,Music","['Marc Lavoine', 'Soan Arhimann', 'Gérard Jugnot']","['Pierre Leroy', 'Nelson', 'M. Lepetit']",Gérard Jugnot,5.3,99.0,"In a village somewhere on Reunion Island, Nelson, 10, dreams of being a singer and has signed up for Star Kids. Her friend Mia, accompanied by her little brother Zizou, decides to find a coach for her to help her prepare for the competition. His choice fell on Pierre Leroy, singer coming from Paris on a singing tour in a hotel by the sea, where Nelson's mother works. But the current does not pass between Pierre, lonely and disillusioned, and Nelson, proud and obstinate. Will their one thing in common, the love of singing, be strong enough to bring them together and heal their wounds?",3.542,/auzycsCKtxg2hWWe2PtRo48Topk.jpg,"Dans un village de La Réunion, Nelson, 10 ans, rêve de devenir un grand chanteur et ainsi rendre fière sa mère qui l’élève seule. Après avoir postulé à l’émission télévisée Star Kids avec l’aide de ses amis Mia et Zizou, ils décident de trouver un coach pour préparer son concours. Par chance, Pierre Leroy, chanteur célèbre à la carrière en berne, est en tournée sur l’île. Mais le courant passe difficilement entre Pierre, solitaire et désenchanté, et Nelson fier et obstiné. Leur seul point commun, l’amour du chant. Sera-t-il assez fort pour les rapprocher ? Assez fort pour que Nelson renoue avec sa mère et que Pierre retrouve l’envie de ses débuts ?"
tt13335652,Envol,2022,100,Comedy,"['Pierre Santini', 'Marc Duret', 'Alice Carel']",['Philippot'],Frédéric Cerulli,5.0,1.0,"The Castellis have worked as a family for three generations but today, this tenacious bond which unites them is diminishing day by day. Luna the youngest does not give any more news, business is bad and all Diego and Filippo are left with nostalgia for happy days. Until this tragic and unexpected event, a second chance that only life is able to offer you.",1.074,/r2uGvgo0z0zAWv7gLCWz8o4SIJ9.jpg,"Les Castelli travaillent en famille depuis trois générations mais aujourd’hui, ce lien si tenace qui les unit s’amenuise de jour en jour. Luna la petite dernière ne donne plus de nouvelles, les affaires vont mal et il ne reste plus à Diego et Filippo que la nostalgie des jours heureux. Jusqu’à cet évènement aussi tragique qu’inespéré, une seconde chance que seule la vie est capable de vous proposer !"
tt13353386,Tendre et saignant,2020,91,"Comedy,Romance","['Géraldine Pailhas', 'Arnaud Ducret', 'Alison Wheeler']","['Charly Fleury', 'Martial Toussaint', 'Carole Katayan']",Christopher Thompson,5.8,476.0,"Charly is the editor in chief of a fashion magazine. When her father dies, she inherits the family business: a butchery. Not exactly her passion in life... She’s about to sell it when Mar- tial, who worked for her father, wants to take it over, but she is having second thoughts. These two opposite characters will have to get used to one another.",4.864,/vBMlMuGMQw5Q6XdpEyo0ThJ9r7Z.jpg,"Charly Fleury a choisi de vivre et de travailler dans un monde futile et stérile : la Mode. Elle est rédactrice en chef d’un magazine de mode, entourée de personnes névrosées, superficielles. Ce choix professionnel pour fuir la boucherie familiale dans laquelle elle a grandie. Mais son père est fatigué, cardiaque, il vient lui proposer une association qu'elle refuse. Et il décède d'une nouvelle attaque. Elle hérite de l'établissement, du personnel et de la clientèle. Fêtes de fin d'années obligent, Charly accepte de gérer le commerce mais passé la période, elle vend ! Martial Toussaint, second de la boucherie, ancien commis du défunt, très attaché à la boucherie ne l'entend pas ainsi. Et si ensemble ils parvenaient à conjuguer leurs compétences pour rendre l'activité florissante ? Pourc cela, il va falloir cohabiter..."
tt13558022,Icare,2022,76,"Adventure,Animation,Drama","['Camille Cottin', 'Niels Schneider', 'Féodor Atkine']","['Ariane', 'Thésée', 'Dédale']",Carlo Vogele,6.7,422.0,"On the island of Crete, a day-dreamy boy named Icarus befriends a mysterious creature with the body of a man and the head of a bull named Asterion (aka the Minotaur). When the King asks Icarus’ father, a famous inventor, to work on a secret project, Icarus realizes his new friend is in danger.",2.196,/aCEGjd8Mjn8G98vTyiPKIZWbGXU.jpg,"Sur l’île de Crète, chaque recoin est un terrain de jeu pour Icare, le fils du grand inventeur Dédale. Lors d'une exploration près du palais de Cnossos, le petit garçon fait une étrange découverte : un enfant à tête de taureau y est enfermé sur l’ordre du roi Minos. En secret de son père, Icare va pourtant se lier d’amitié avec le jeune minotaure nommé Astérion. Mais le destin bascule quand ce dernier est emmené dans un labyrinthe. Icare pourra-t-il sauver son ami et changer le cours d’une histoire écrite par les dieux ?"
tt13639204,Irréductible,2022,83,Comedy,"['Jérôme Commandeur', 'Laetitia Dosch', 'Pascale Arbillot']","['Vincent Peltier', 'Eva Brébant', 'Isabelle Bailliencourt']",Jérôme Commandeur,6.1,2086.0,"Vincent, a civil servant, has always enjoyed the benefits of his family's status. When the government votes on a massive savings plan, Vincent is pushed out. When he is transferred to the North Pole, he meets Eva and finds love. It's time for him to choose.",11.643,/9JuykPCoy4JJsmoGac7CB19xWow.jpg,"Vincent Peltier, paisible employé aux « Eaux et forêts » à Limoges, est incité à démissionner à cause d’une révision des effectifs, ce qu’il souhaite le moins du monde. Une inspectrice trop zélée décide de le muter dans les pires endroits au monde pour le pousser à renoncer. Elle l’envoie donc au Groënland pour protéger les chercheurs d’une base scientifique des attaques d'ours. On vous laisse imaginer la suite…"
tt13667778,Archipel,2021,72,Animation,"['Florence Blain Mbaye', 'Mattis Savard-Verhoeven']","['Woman', 'Man']",Félix Dufour-Laperrière,7.2,84.0,"A true animated film about invented islands. About an imaginary, linguistic, political territory. About a real or dreamed country, or something in between. Archipelago is a film of drawings and speeches, that tells and dreams a place and its inhabitants, to tell and dream a little of our world and times.",2.355,/yyElaE309ZgpTrzy2OzqQiY75dQ.jpg,"Un vrai film d'animation sur des îles inventés. Sur un territoire physique, imaginaire, langagier, politique. Sur un pays réel ou rêvé, ou quelque chose entre les deux."
tt13669344,En passant pécho,2021,99,"Action,Comedy,Crime","['Dana Abed', 'Hedi Bouchenafa', 'Julien Courbey']","['Marah', 'Hedi', 'Chef de brigade']",Julien Hollande,4.5,778.0,"In Paris, two dysfunctional dealers use family ties to try to boost their small drug business in this crass comedy based on the webseries.",4.66,/q6lnTrwkxM8ppIdTQL0keDuNrtx.jpg,"Hedi et Cokeman sont les deux pires dealers de Paris. Arnaqueurs à la petite semaine, ils survivent en faisant passer des carambars pour des barrettes de shit. C’est la Hess !!! Fatigués de ce train de vie, leur quotidien va considérablement s’éclaircir lors du mariage de Zlatana, la petite sœur d'Hedi, avec un grand baron de la drogue : Arsène Van Gluten. Ce dernier, sous la pression de sa nouvelle femme, leur fournira plusieurs kilos de Mojo Mango, du cannabis de toute première main. Hedi et Cokeman ont enfin l’opportunité d’ouvrir leur propre réseau. Persuadés que cela signifie pour eux la fin de la galère, ils ignorent encore que ce n’est que le début des problèmes…"
tt13742084,"Habib, la grande aventure",2022,90,Comedy,"['Bastien Ughetto', 'Sofia Lesaffre', 'Ahmed Benaïssa']","['Habib Arbaoui', 'Nadia Arbaoui', 'Le père de Habib']",Benoît Mariage,6.6,54.0,"The story of a young Belgian actor of Moroccan origin who agrees to play the role of Saint-François-d'Assise to put an end to the roles of nice Arabs that are stuck on his forehead in often mediocre films. Getting into the historical figure will represent a real challenge for him; when his father, settled in Morocco, suddenly returns to Brussels with a new wife, and the beginnings of Alzheimer's, he finds himself having to juggle between the expectations of his colleagues and his family.",2.08,/rtMEBBhetvWerU7ChZPuaUUurFd.jpg,"Habib est un jeune acteur qui rêve de théâtre et de cinéma, mais qui n’enchaîne que des rôles sans envergure. Sa famille a bien du mal à comprendre cette passion qui ne lui rapporte pas un rond. Jusqu’au jour où il décroche un petit rôle de gigolo aux côtés de Catherine Deneuve. C’est le début de la grande aventure, mais aussi le début des problèmes…"
tt13834006,8 rue de l'Humanité,2021,125,Comedy,"['Dany Boon', 'François Damiens', 'Laurence Arné']","['Martin Becquart', 'Tony Boghassian', 'Claire Becquart']",Dany Boon,6.3,8185.0,"Seven families live in the Parisian apartment building at 8, Rue de l’Humanite - and they didn’t escape to the countryside at the arrival of the coronavirus. Three months of life under lockdown will reveal the best and worst of these neighbours.",11.356,/bvK9AMUvh0TzjSmWwv74CgBEfg2.jpg,"Les rues de Paris sont vides et silencieuses. Alors que certains ont préféré fuir la capitale, sept familles sont restées confinées dans un immeuble du 11ème au 8 rue de l’humanité avec entre autres ; une patronne de bistrot qui cherche le moyen de rester ouvert. Un scientifique ambitieux qui veut trouver le vaccin et ne plus jamais s’occuper d’analyses d’urines. Un hypocondriaque en panique mais heureux d’avoir enfin raison, sa femme avocate qui se bat pour concilier vie professionnelle et vie de famille, un coach sportif en ligne qui grossit au fil des semaines, sa fiancée enceinte qui fait le buzz en devenant chanteuse anti Covid, un riche self-made-man désespéré de ne pas avoir le niveau scolaire de son fils de 8 ans… et deux enfants de 8 et 10 ans qui, grâce au confinement, vont tomber amoureux."
tt13846352,La croisade,2021,67,"Comedy,Sci-Fi","['Laetitia Casta', 'Joseph Engel', 'Louis Garrel']","['Marianne', 'Joseph', 'Abel']",Louis Garrel,5.5,696.0,"Abel, Marianne and their 13-year-old son Joseph live together in Paris. Their everyday existence is thrown into turmoil when Abel and Marianne discover that Joseph has secretly sold valuables from the family home to finance a mysterious ecological project he and his friends have in Africa. They’re about to save the planet.",3.395,/pHcRuUPbOIRosBYbTHWsz15NrlV.jpg,"Abel et Marianne découvrent que leur fils Joseph, 13 ans, a vendu en douce leurs objets les plus précieux. Ils comprennent rapidement que Joseph n’est pas le seul, ils sont des centaines d’enfants à travers le monde associés pour financer un mystérieux projet. Ils se sont donnés pour mission de sauver la planète."
tt13846442,Tout le monde m'appelle Mike,2023,87,Thriller,"['Abdirisak Mohamed', 'Daphné Patakia', 'Pierre Lottin']","['Mike', 'Isabelle', 'Jean']",Guillaume Bonnier,8.1,12.0,"Thibault, Isabelle and their son Jeremie board their sailboat Joshua to sail the world and live a new life. The Gulf of Aden is watched over by Somali pirates, and while stopping in Djibouti, the happy family meets Mike, a black they know nothing about but innately trust. Inviting Mike to board the ship, the quartet travels onward in their sailboat…",4.838,/e161kuH60Kv5lnCPoevcbNCbCph.jpg,"Jean, Isabelle et son fils Damien ont tout quitté pour naviguer autour du monde. Pendant une escale à Djibouti, ils rencontrent Mike, un chauffeur de taxi. Jean, inquiet au moment de reprendre la mer vers le dangereux golfe d'Aden, décide d'embarquer Mike contre l’avis d’Isabelle."
tt14039346,Murder Party,2022,103,"Comedy,Crime,Mystery","['Alice Pol', 'Eddy Mitchell', 'Miou-Miou']","['Jeanne Chardon-Spitzer', 'César Daguerre', 'Joséphine Daguerre']",Nicolas Pleskof,5.0,892.0,"Jeanne, a brilliant architect has a new assignment: renovate the sumptuous Daguerre mansion owned by an eccentric family, head of a Board Game empire. When the landlord and patriarch Cesar is found dead, everyone present becomes a suspect. Suddenly Jeanne’s mission turns intoa life-size investigation to expose the murderer...",6.8,/9gWhCXuc2pRMKEILbJGzQBopkx3.jpg,"Jeanne Chardon-Spitzer, brillante architecte, se voit confier la réhabilitation du somptueux manoir des Daguerre, étrange famille à la tête d’un empire du jeu de société. Quand César, le patriarche, est retrouvé assassiné en pleine Murder Party, Jeanne est entraînée dans un jeu d’enquête grandeur nature pour démasquer le meurtrier."
tt14073780,King,2022,105,"Adventure,Comedy,Family","['Gérard Darmon', 'Lou Lambrecht', ""Léo Lorléac'h""]","['Max', 'Inès', 'Alexandre']",David Moreau,5.1,530.0,"King, a trafficked lion cub, escapes from the airport and takes refuge with Inès and Alex, who then have the crazy idea of getting him back to Africa. Anything can happen when Max their kooky grandfather, decides to join the adventure.",50.146,/kEyi52oFS45X5sb78kAMnfrenxm.jpg,"King, un lionceau destiné à un trafic, s'échappe de l'aéroport et se réfugie dans la maison d'Inès, 12 ans et Alex, 15. Le frère et la sœur ont alors l'idée folle de le ramener chez lui, en Afrique. Mais la traque des douaniers ne leur facilite pas la vie. Lorsque Max, leur grand-père fantasque qu'ils n'ont vu que deux fois dans leur vie, se joint à l'aventure, tout devient possible..."
tt14125272,"Kanun, la loi du sang",2022,95,Thriller,"['Waël Sersoub', 'Tugba Sunguroglu', 'Arben Bajraktaraj']","['Lorik', 'Sema', 'Aleks']",Jérémie Guez,5.6,62.0,"The story homes in on Lorik, who's barely thirty years old yet who works as an enforcer for the Albanian mafia in Brussels, alongside his mentor Aleks. And when Lorik falls in love with Sema, a Fine Arts student of Turkish origins, his past comes back to haunt him: a man hailing from Lorik's village in Albania, whose father was killed by the latter's uncle, tracks down the young man and demands that his family's debt be paid for in blood, as per the Kanun tradition. In short, he asks the clan for Lorik's death.",0.847,/lIL2qgfFR4ynB2YcU0xVBfzUOop.jpg,"Lorik a fui son Albanie natale pour échapper à une vendetta. À Bruxelles, il gâche sa jeunesse en travaillant pour un clan mafieux aux méthodes douteuses… Jusqu’à ce qu’il ait un coup de foudre pour Sema, une jeune turque étudiante aux Beaux-Arts. Alors qu’il se met à rêver d’une histoire d’amour, un homme dont le père a été tué par un membre de la famille de Lorik réclame, selon les règles du Kanun, que sa dette soit payée par le sang : celui de Lorik."
tt14328348,Last Dance,2022,84,Comedy,"['François Berléand', 'Kacey Mottet Klein', 'Maria Ribot']","['Germain', 'Samir', 'La Ribot']",Delphine Lehericey,6.3,325.0,"After his wife dies, a 75 year old retiree has to put up with the intrusion into his idle life of other family members.",1.503,/bf6XRPhjCH7XJsPgbAPpspwhFsX.jpg,"Retraité contemplatif, Germain se retrouve soudainement veuf à 75 ans. Il n’a même pas le temps de souffler que sa famille s’immisce dans son quotidien : visites et appels incessants, repas organisés à l’avance... Sa vie devient réglée comme une montre suisse ! Mais Germain a l’esprit ailleurs. Honorant une promesse faite à son épouse, il est propulsé au cœur d’une création de danse contemporaine."
tt14877816,Pétaouchnok,2022,95,Comedy,"['Pio Marmaï', 'Philippe Rebbot', 'Camille Chamoux']","['Ludo', 'Richard Catala', 'Agnès']",Edouard Deluc,5.0,213.0,"Deep in the Pyrenees, two close friends at rock bottom have the idea of the century: to pull themselves of their misery, they will launch a horse trekking tour, a voyage through the mountains for tourists in search of nature, silence and adventure.",2.267,/8ptlC6R0jyvQJhtoBipufLb6MUG.jpg,"Fin fond des Pyrénées, deux précaires, amis devant l’éternel, ont l’idée du siècle pour se sortir de la mouise : lancer une chevauchée fantastique, à travers la montagne, pour touristes en mal de nature, de silence, d’aventure."
tt15005176,Christmas in Miami,2021,99,Comedy,"['Ayo Makun', 'Richard Mofe-Damijo', 'John Amos']","['Akpos', 'Dafe', 'Chief Host']",Robert Peters,3.4,130.0,"Akpos jets off with his family to the exotic city of Miami, Florida to represent Nigeria at the Intercontinental Christmas Fiesta, which is a unifying Fiesta that will bring together 6 families from 6 very diverse nations across 5 continents, to spend the week leading up to Christmas together, on an exotic island in Miami, USA. This 'mini' Olympics of Christmas is a multi-ethnic story of unity in diversity. It celebrates how we are all different, but the same, or how we are all 'same difference'. It reminds that Christmas transcends skin colour and racial barriers. It's a rib-tickling comedy that aims to unite borders by helping each of the nations represented to also debunk long-held negative stereotypes and perceptions that the general public always had about them. And of course, somewhere in between all of these, we are treated to endless servings of Akpos' mis-adventures.",1.552,/bpk7OXQvrmlJ5rDZBANPMqcWmlR.jpg,"C'EST NOËL ! Et un magnat de l'immobilier américain, a créé un événement exceptionnel pour le monde entier : l'OLYMPIQUE DE NOËL ! Alias PÈRE NOËL ! Il s'agit d'une histoire multiethnique mettant en scène 6 familles de 6 nations différentes qui passent une semaine ensemble à Miami, aux États-Unis, ainsi que les nombreuses mésaventures d'Akpos."
tt15035902,Joyeuse retraite! 2,2022,92,Comedy,"['Thierry Lhermitte', 'Michèle Laroque', 'Nicolas Martinez']","['Philippe Blanchot', 'Marilou Blanchot', 'Olivier']",Fabrice Bracq,5.0,638.0,"Marilou and Philippe decide to show their grandchildren their new holiday home in Portugal. But once there, they discover to their horror that the house is still under construction. This is just the beginning of the problems for the grandparents, because soon they will lose their children. They have only two days left to find them, before their parents join them.",119.093,/yKAJgM7oWE787HwKYSejg3Q6ocL.jpg,"lls pensaient enfin passer une retraite tranquille… 3 ans ont passé. Marilou et Philippe décident de faire découvrir à leurs petits-enfants leur nouvelle maison de vacances au Portugal. Mais une fois sur place, ils découvrent horrifiés que la maison est encore en chantier ! Ce n’est que le début des galères pour les grands-parents car bientôt… ils perdent les gamins. Il ne leur reste plus que deux jours pour les retrouver, avant que leurs parents ne les rejoignent."
tt15049366,Les Bodin's en Thaïlande,2021,98,Comedy,"['Vincent Dubois', 'Jean-Christian Fraiscinet', 'Nicolas Marié']","['Maria Bodin', 'Christian Bodin', 'Le psychologue']",Frédéric Forestier,5.0,197.0,Christian Bodin and his mother Maria Bodin are set on an adventure for the Land of Smiles. They meet many zany characters and face several obstacles along their journey in Thailand.,2.289,/1rpDCiHqnDmFy74gSVGG4lLZSic.jpg,"Maria Bodin, vieille fermière roublarde et autoritaire de 87 ans, doit faire face à une nouvelle épreuve : son grand nigaud de fils, Christian 50 ans, a perdu le goût de la vie. Suivant l’avis du psychiatre, qui conseille le dépaysement, la mère Bodin se résigne donc à casser sa tirelire pour payer des vacances à son fils… en Thaïlande ! Quand la mère et le fils Bodin s’envolent, pour la première fois, à plus de dix mille kilomètres de leur terroir natal, le choc est énorme : hôtel club, touristes, plages de sable blanc et autres massages exotiques, ils n'ont clairement pas le mode d'emploi … pas simple de dépayser des paysans ! Les Bodin's s'embarquent alors dans un road-movie rocambolesque à travers tout le pays, avec pour seuls bagages leur audace, leur cœur et leur bon sens paysan."
tt15077870,Lynx,2021,82,Documentary,['Laurent Geslin'],['Inconnu'],Laurent Geslin,7.6,209.0,"In the heart of the Jura mountains, a call resounds through the forest. The silhouette of a Eurasian lynx creeps through the trees. A male is looking for its mate. Suddenly a call answers back. It is the beginning of the story of a lynx’s family we will follow over the seasons. While it is rare to come across this private feline, it is exceptional to discover its daily life in the wild.",2.059,/yW8sj3CyPd8pplFGLxy8YoXmeBL.jpg,"Au cœur des montagnes jurassiennes, alors que les brumes hivernales se dissipent, un appel étrange résonne à travers la forêt. La superbe silhouette d'un lynx boréal se faufile parmi les hêtres et les sapins. Il appelle sa femelle. Un couple éphémère se forme. C’est le début de l’histoire d’une famille de lynx..."
tt15091284,Pil,2021,89,"Adventure,Animation,Family","['Kaycie Chase', 'Paul Borne', 'Julien Crampon']","['Pil', 'Crobar', 'Rigolin']",Julien Fournet,6.1,1353.0,"Pil, a little vagabond girl, lives on the streets of the medieval city of Roc-en-Brume, along with her three tame weasels. She survives of food stolen from the castle of the sinister Regent Tristain. One day, to escape his guards, Pil disguises herself as a princess. Thus she embarks upon a mad, delirious adventure, together with Crobar, a big clumsy guard who thinks she's a noble, and Rigolin, a young crackpot jester. Pil is going to have to save Roland, rightful heir to the throne under the curse of a spell. This adventure will turn the entire kingdom upside down, and teach Pil that nobility can be found in all of us.",25.556,/abPQVYyNfVuGoFUfGVhlNecu0QG.jpg,"Pil, une petite orpheline, vit dans les rues de la cité de Roc-en-Brume. Avec ses trois fouines apprivoisées, elle survit en allant chiper de la nourriture dans le château du sinistre régent Tristain, qui usurpe le trône. Un beau jour, pour échapper aux gardes qui la poursuivent, Pil se déguise en enfilant une robe de princesse. La voilà alors embarquée malgré elle dans une quête folle et délirante pour sauver Roland, l’héritier du trône victime d’un enchantement et transformé en… chapoul (moitié chat, moitié poule). Une aventure qui va bouleverser tout le royaume et apprendre à Pil que la noblesse peut se trouver en chacun de nous."
tt15099978,Mother Lode,2021,86,Documentary,"['José Luis Nazario Campos', 'Damian Segundo Vospey', 'Maximiliana Campos Guzman']",['Inconnu'],Matteo Tortone,6.2,52.0,"Jorge leaves his home and family in the outskirts of Lima to try his luck in the goldmines of the Andes, chasing the promises of the mother lode. We follow Jorge through a journey full of omens, where reality and magical thinking blend together, as he discovers that the myth of wealth is built on sacrifices that become ever more tangible – while the boundaries between victims and oppressors get progressively vague and blurred. Mother Lode is a fable about the banality of the descent to hell in times of neoliberalism; it is a paradigm of a relentless world in which everything can be sacrificed in the name of profit.",2.346,/lgT8MyLblqZSDvGDV9MD4Qg13C4.jpg,"Jorge, jeune chauffeur de moto-taxi quitte la banlieue de Lima et sa famille pour poursuivre ses rêves d’or et de fortune, en rejoignant la mine de La Rinconada, sur le toit de la Cordillère des Andes. Là-bas, on raconte que la mine appartient au Diable, et qu’il ne cède ses pépites qu’en échange d’un sacrifice."
tt15173948,Le trésor du petit Nicolas,2021,103,"Comedy,Family","['Ilan Debrabant', 'Audrey Lamy', 'Jean-Paul Rouve']","['Nicolas', 'Maman', 'Papa']",Julien Rappeneau,5.7,416.0,"In the peaceful world of Little Nicholas, there is Daddy, Mommy, the school, but above all, his band of friends. They are called The Invincibles, but above all they are inseparable. At least they think so. But when Dad gets a promotion and announces that the family is moving to the south of France, Nicolas' world falls apart. How can he imagine life without his best friends?",4.222,/fZA6f7z6N8hTmPFFYSR0k5aNvMo.jpg,"Dans le monde paisible du Petit Nicolas, il y a Papa, Maman, l’école, mais surtout, sa bande de copains. Ils s’appellent Les Invincibles, mais ils sont avant tout inséparables. Du moins le pensent-ils. Car quand Papa reçoit une promotion et annonce que la famille doit déménager dans le sud de la France, le petit monde de Nicolas s’effondre.  Comment imaginer la vie sans ses meilleurs amis ? Sans les croissants d’Alceste, les lunettes d’Agnan, les bêtises de Clotaire, loin de leur cher terrain vague ? Aidé par ses copains, Nicolas se met en quête d’un mystérieux trésor qui pourrait lui permettre d’empêcher ce terrible déménagement."
tt15411636,La fille et le garçon,2022,84,Romance,"['Arielle Dombasle', 'Aurélien Recoing', 'Mina Kavani']","['Paula', 'Jean', 'Malina']",Jean-Marie Besset,5.2,24.0,"Malina, a young Iranian immigrant, visits Jean in his beautiful downtown apartment. She wants to know why her boyfriend Denis, who is working on Jean's apartment, lingers after hours, showering in front of Jean's wife Paula. Step by step, Jean and Paula get to know Denis and Malina, sliding from prostitution to friendship, from unacknowledged desires to more sincere affection, from love to family - a new kind of family, including the desire for a child. Overcoming trials and taboos, this quartet lays the concrete foundations for a new ideal of love, with great freedom, both carnal and intellectual.",2.505,/r7UWsGTZ4ph8fZtucqE522ZJ3QP.jpg,"Malina, une jeune immigrée iranienne, rend visite à Jean, dans son bel appartement du centre-ville. Elle veut savoir pourquoi son petit ami Denis, qui fait des travaux chez Jean, s'attarde après ses heures, jusqu'à prendre sa douche devant Paula, la femme de Jean. D'étape en étape, Jean et Paula vont apprendre à connaître Denis et Malina, glissant de la prostitution à l’amitié, de désirs inavoués à une affection plus sincère, de l’amour enfin à la famille, famille d’un genre nouveau, désir d’enfant compris. Dépassant épreuves et tabous, ce quatuor pose en grande liberté, charnelle et intellectuelle, les bases concrètes d’un nouvel idéal amoureux."
tt15750836,Zeria,2021,61,"Animation,Sci-Fi","['Merlin Delens', 'Coralie Vanderlinden', 'Tibo Vandenborre']",['Gaspard'],Harry Cleven,6.1,36.0,"Gaspard is the last man on Earth. Zeria, his grandson, is the first human to be born on Mars. Gaspard tells him about his life, his fears and his loves in the hope that Zeria will come to see him before he dies. Zeria would be the first human being to return to Earth without having ever known it.",0.6,/s7A6YywqHwcj4AI3owdexFENLpp.jpg,
tt16163090,Brother,2021,78,Documentary,"['Brother André', 'Brother François', 'Brother John Joseph']","['Brother André', 'Brother François', 'Brother John Joseph']",Arnaud Fournier Montgieux,7.6,7.0,"Brother François, a young Frenchman, will live a human adventure in the heart of an American Ghetto.",0.6,/zqfReAq9WApmiNh0qQhTTx2niI7.jpg,"Roberto, alias « Touch » est adolescent quand il commet ses crimes. Il grandit en prison. C’est l’héroïne qui a poussé Ryan au vol et à la violence. Leurs destins sont étroitement liés à celui du ghetto américain de Newark, et depuis peu à celui de Brother François, ce jeune français qui vient régulièrement les visiter. Il a fait le choix de tout quitter pour devenir religieux franciscain, et vivre pauvre parmi les pauvres."
tt16983432,10 jours encore sans maman,2023,96,Comedy,"['Franck Dubosc', 'Aure Atika', 'Alexis Michalik']","['Antoine Mercier', 'Isabelle Mercier', 'Di Caprio']",Ludovic Bernard,4.9,399.0,"After Antoine was fired from his job, he became a stay-at-home dad taking care of his four children, while his wife Isabelle restarts her career as a lawyer. For Antoine, the family's upcoming ski vacation is a godsend: he can finally take a break from parenthood and enjoy a luxury ski resort! But just as they are about to step on the train, Isabelle is called back to work for an emergency and Antoine has to deal, on his own, with his four mischievous kids going wild on the slopes and in the fancy hotel, as the trip turns into total chaos…",7.161,/a9XGEeB8skClVlzRrRxujB7sFN4.jpg,"Après son licenciement, Antoine, ancien DRH d’une grande enseigne de bricolage, a choisi de rester à la maison pour s’occuper de ses 4 enfants. Un nouveau travail qu’il effectue la plupart du temps seul, car sa femme Isabelle est très occupée par sa nouvelle activité d’avocate. Dans la famille Mercier, les rôles ont donc clairement été inversés depuis 2 ans, et Antoine commence à de moins en moins tenir le coup face à l’énergie que lui demande sa petite famille. Voilà pourquoi les 10 jours de vacances au ski qui arrivent s’annoncent comme une aubaine pour le père au foyer qu’il est devenu. Hélas, une affaire inespérée pour le cabinet d’Isabelle tombe du ciel et pourrait enfin faire décoller sa carrière d’avocate. Elle n’a pas d’autre solution que de laisser Antoine partir 10 jours au ski seul avec les 4 enfants, et surtout : sans maman !"
tt17049104,On sourit pour la photo,2022,95,Comedy,"['Jacques Gamblin', 'Pascale Arbillot', 'Pablo Pauly']","['Thierry Hamelin', 'Claire Hamelin', 'Antoine Hamelin']",François Uzan,5.7,267.0,"Thierry is convinced that the best is behind him. When Claire, his wife, tired of «it was better before», announced that she is leaving him, Thierry, devastated, decided to go back to Greece where they spend their best family holidays 20 years ago. Officially, he wants to spend one last week with their children before announcing their separation. Unofficially, he hopes to win back his wife... By trying to rekindle the flame of his couple, Thierry may well set his family on fire...",2.331,/qBJWTNFwa8vuyz9XvdDoJYJ0HuV.jpg,"Thierry passe ses journées à classer ses photos de famille, persuadé que le meilleur est derrière lui. Lorsque Claire, sa femme, lassée des ""c'était mieux avant"", lui annonce qu'elle le quitte, Thierry, dévasté, lui propose de refaire ""Grèce 98"", leurs meilleures vacances en famille. Officiellement, il veut passer une dernière semaine avec leurs enfants avant de leur annoncer leur séparation. Officieusement il espère reconquérir sa femme… Mais les enfants, désormais trentenaires, sont moins dociles qu'il y a 20 ans et la chasse aux souvenirs sur les routes de Grèce va vite fatiguer tout le monde. En tentant de rallumer la flamme de son couple, Thierry risque bien de mettre le feu à sa famille…"
tt18260116,"Le pharaon, le sauvage et la princesse",2022,83,"Animation,Family","['Serge Bagdassarian', 'Serge Bagdassarian', ""Thissa d'Avila Bensalah""]","['Géôlier et Prévôt (segment ""Le Beau Sauvage"")', 'Vizir et Marchand (segment ""La Princesse des roses et le Prince des beignets"")', 'Isis (segment ""Pharaon!"")']",Michel Ocelot,6.6,254.0,"Three tales, three ages, three worlds. At the time of Ancient Egypt, a young king becomes the first black pharaoh to deserve the hand of his loved one. During the French Middle Ages, a mysterious wild boy steals from the rich to give to the poor. In 18th-century Turkey, a prince of pastries and a princess of roses escape the palace to live their love.",2.702,/dOjV2vaFxDSJZkozCJV4yRecEUb.jpg,"3 contes, 3 époques, 3 univers : une épopée de l'Egypte antique, une légende médiévale de l'Auvergne, une fantaisie du XVIIIe siècle dans des costumes ottomans et des palais turcs, pour être emporté par des rêves contrastés, peuplés de dieux splendides, de tyrans révoltants, de justiciers réjouissants, d'amoureux astucieux, de princes et de princesses n'en faisant qu'à leur tête- dans une explosion de couleur."
tt18350242,I Love Greece,2022,90,"Comedy,Romance","['Stacy Martin', 'Vincent Dedienne', 'Maria Apostolakea']","['Marina', 'Jean', 'Lia']",Nafsika Guerry-Karamaounas,4.8,187.0,"Jean and Marina go to Athens for their summer vacation. There they are reunited with Marina's family, while preparing to spend a romantic getaway, Marina's family decides to accompany them. But nothing will go according to the plan.",2.553,/vcxRXz2feaKCyuXst4adDdiqJfX.jpg,"Jean et Marina, un couple franco-grec, partent à Athènes pour les vacances d’été. Ils y retrouvent l’exubérante famille de Marina et une Grèce en crise. Alors qu’ils projettent de passer quelques jours en amoureux sur une petite île des Cyclades, toute la famille décide de les accompagner. Rien ne se passera comme prévu sous les feux de l’Attique…"
tt19381382,Cocorico,2024,92,Comedy,"['Christian Clavier', 'Didier Bourdon', 'Sylvie Testud']","['Frédéric Bouvier Sauvage', 'Gérard Martin', 'Nicole Martin']",Julien Hervé,5.8,2697.0,"The Bouvier-Sauvages, a large aristocratic family, meet the much more modest Martin family when their children's wedding is announced. For the occasion, the future bride and groom offer their parents DNA tests, which will reveal their true origins. The results are totally unexpected and will make the effect of a bomb.",1.06,/nAp0VzDEOn7rvHrc63DHqrMOqK4.jpg,"Sur le point de se marier, Alice et François décident de réunir leurs deux familles. Pour l’occasion, ils réservent à leurs parents un cadeau original : des tests ADN pour que chacun puisse découvrir les origines de ses ancêtres. Mais la surprise va virer au fiasco quand les Bouvier Sauvage, grande famille aristocrate, et les Martin, beaucoup plus modestes, découvrent les résultats, pour le moins… inattendus !"
tt19638340,Cérémonie secrète,2022,80,Mystery,"['Michel Bouquet', 'Kasia Wolf', 'Valérie Moinet']",['Inconnu'],Tatiana Becquet Genel,3.7,15.0,"Rachel is a lawyer. She is the adopted daughter of a large family of magistrates dominated by Maxime (Michel Bouquet), a ruthless and strange prosecutor. She has not left the world of carelessness, between dreams and nightmares. She often indulges in strange daydreams, but the reality of this case is going to clash with her life. Her first client has just committed suicide in prison. In front of this woman's coffin. Everything comes back to her, the visiting room, the scene of the crime, the story of an abused life. As children, they lived in the same village. Like in a fairy tale, the gate of a castle separated them. The truth about their relationship is revealed. Rachel must face her obsessions.",0.662,/zke99dFLWJti65jSevoZ9Gx3Hfl.jpg,"Rachel est avocate. Fille adoptive d'une grande famille de magistrats dominée par Maxime, impitoyable et étrange procureur. Malgré cete atmosphère familiale pesante, elle n'a pas quité le monde de l'insouciance. Elle s'afranchit en s'abandonnant à d'étranges rêveries, entremêlées de fantasmes et de cauchemars qui la conduisent à s'émanciper de son milieu. La réalité d'une afaire va heurter sa vie : Anna, sa cliente s'est suicidée en prison. Devant le cercueil de cete femme, tout lui revient, le parloir, la scène du crime, le récit d'une vie malmenée."
tt19783626,"Arthur, malédiction",2022,87,"Horror,Thriller","['Mathieu Berger', 'Thalia Besson', 'Yann Mendy']","['Alex', 'Samantha', 'Jean']",Barthélémy Grossmann,3.3,1123.0,Alex is an 18 year old young man. He has been a big fan of the Arthur and the Minimoys fantasy film saga for years. Then his group of friends suggests that he goes to the abandoned house where the film was shot. They are unaware that they are about to fall into a deadly plot.,9.241,/2MVrHAbbMFXhFmLsVK1BbWAcHzW.jpg,"Alex, 18 ans, est un fan de la série de films fantastiques Arthur depuis qu'il est enfant. Lorsque son groupe d'amis très soudé le surprend en l'invitant à se rendre dans la maison abandonnée où le film a été tourné, ils se dirigent involontairement vers un piège tordu et mortel. Ce qui était autrefois un rêve d'enfant va bientôt se transformer en un véritable cauchemar."
tt20090310,Lettre à l'enfant que tu nous as donné,2022,84,Documentary,"['Violette Barratier', 'Thomas Chabrol', 'Doriane Chastanet']",['Lycéenne'],Charlotte Silvera,8.0,1.0,"How do we protect our connection with young people? This is the question the film tries to answer by addressing them directly through a voice-over. In a mosaic of fiction and animation sequences, film excerpts, ""smartphone"" shots and a considerable amount of archive material, the film restores entire sections of our History and our current events, by looking back at some of the major political and social achievements that young people often ignore. ""Letter to the child you gave us"" aims at inciting them to measure the importance of laws, the stake of democracy, and to push them to the commitment until fighting abstention.",0.6,/j5OmEYTF1DqdRFiyPmn01T1TMw7.jpg,"Comment protéger notre lien avec les jeunes ? C’est la question à laquelle le film tente de répondre en s’adressant directement à eux par une voix off. Dans une mosaïque de séquences de fiction et d’animation, d’extraits de films, de prises de vue « smartphone » et d’une quantité considérable d’archives, le film restitue des pans entiers de notre Histoire et de notre actualité, par des retours sur quelques grandes conquêtes politiques et sociales que, bien souvent, les jeunes méconnaissent. « Lettre à l’enfant que tu nous as donné » vise à les inciter à mesurer l’importance des Lois, l’enjeu de la démocratie, et à les pousser à l’engagement jusqu’à combattre l’abstention."
tt20424172,Alibi.com 2,2023,88,Comedy,"['Philippe Lacheau', 'Élodie Fontan', 'Tarek Boudali']","[""Grégory 'Greg' Van Huffel"", 'Flo Martin', 'Medhi']",Philippe Lacheau,6.5,3197.0,"After closing his agency Alibi.com and promising Flo that he would never lie to her again, Greg's new life became quiet, too quiet... Not for long! When he decides to propose to Flo, Greg is up against the wall and has to introduce his family. But with his crooked father and his ex-charm actress mother, this could ruin his future union. He has no choice but to reopen his agency with his former accomplices for an ultimate Alibi and to find more presentable fake parents.",12.678,/hiMcN5jpDEeT1ZytPuNwad7XxBE.jpg,"Après avoir fermé son agence Alibi.com et promis à Flo qu'il ne lui mentirait plus jamais, la nouvelle vie de Greg est devenue tranquille, trop tranquille… Plus pour longtemps ! Lorsqu’il décide de demander Flo en mariage, Greg est au pied du mur et doit se résoudre à présenter sa famille. Mais entre son père escroc et sa mère ex-actrice de films de charme, ça risque fort de ruiner sa future union. Il n'a donc pas d'autre choix que de rouvrir son agence avec ses anciens complices pour un ultime Alibi et de se trouver des faux parents plus présentables."
tt20511498,Plancha,2022,100,Comedy,"['Lambert Wilson', 'Franck Dubosc', 'Guillaume de Tonquédec']","['Antoine Chevalier', 'Baptiste', 'Yves']",Eric Lavaine,5.4,665.0,"To celebrate Yves’ 50th birthday, his friends plan to take him to the sunny paradise of Paros in Greece. But due to a cancelled flight, the holiday will take place in a far less glamorous and much rainier destination: Yves’ family home in Brittany. During the vacation, their bonds are challenged by Antoine’s constant complaining, Yves’ pride, Baptiste’s superstition and Laurent’s jealousy of Jean-Mich’s perfect life and family. On top of that, Antoine’s supposedly harmless joke – offering Yves a DNA ancestry test – has unforeseen consequences…",5.299,/vUZVyYwtVljeY57EY5R1PEdfy9m.jpg,"Un groupe d’amis se réjouit de fêter les 50 ans de l’un d’entre eux, Yves, en Grèce. Mais l’annulation de leur vol les contraint à se rabattre sur le Finistère, dans le manoir familial de Yves, qui, en tant que parfait breton, leur a brossé un portrait idyllique de la Bretagne : vieilles pierres, lande fascinante, plages de sable fin et Fest Noz endiablés. Tout y est, en effet, mais sous la pluie. Et surtout, l’anniversaire de Yves va être l’occasion de révélations inattendues."
tt21627730,Youssef Salem a du succès,2022,97,Comedy,"['Ramzy Bedia', 'Noémie Lvovsky', 'Abbes Zahmani']","['Youssef Salem', 'Lise', 'Omar Salem']",Baya Kasmi,6.6,641.0,"Youssef Salem, 45, has always managed to miss his writing career. But the trouble begins when his new novel becomes a success because Youssef couldn't help but be inspired by his own, for better or worse. He must now avoid at all costs that his book falls into the hands of his family.",2.257,/qKH1SWvwqlYPID5OE5TE7dfkSxF.jpg,"Youssef Salem, 45 ans, a toujours réussi à rater sa carrière d’écrivain. Mais les ennuis commencent lorsque son nouveau roman rencontre le succès car Youssef n’a pas pu s’empêcher de s’inspirer des siens, pour le meilleur, et surtout pour le pire. Il doit maintenant éviter à tout prix que son livre ne tombe entre les mains de sa famille..."
tt21956982,Reste un peu,2022,90,Comedy,"['Gad Elmaleh', 'Régine Elmaleh', 'David Elmaleh']","['Gad', 'Régine', 'David']",Gad Elmaleh,5.9,462.0,"Gad Elmaleh decides to leave New York and move back to Paris, to get baptized and become a Catholic. Despite his attempt to hide the truth from his Jewish family, Gad's parents discover their son's unconditional love for the Virgin Mary – and for them, it’s a nightmare! Determined to bring Gad back to reason and to his Jewishness, they turn his conversion into a battlefield - as Gad tries to make them understand by any means necessary that his sincere beliefs do not change his identity and the love he has for his family.",3.157,/9qa5vtbywyu4vk6nZnj32r3ntmM.jpg,"Gad Elmaleh, établi aux États-Unis depuis 3 ans, rentre en France sans oser avouer à sa famille qu'il le fait pour se convertir au catholicisme. Quand les parents de Gad, David et Régine, apprennent la nouvelle, c'est un cauchemar. Décidés à ramener Gad à sa judéité, ils vont faire de sa conversion un champ de bataille. Gad va toutefois réussir à leur faire comprendre que son amour sincère pour la Vierge Marie ne remet pas en question qui il est ou l'amour qu'il leur porte."
tt22360682,Pattie et la colère de Poséidon,2022,95,"Adventure,Animation,Comedy","['Kaycie Chase', 'Christophe Lemoine', 'Emmanuel Curtil']","['Pattie', 'Sam', 'Chickos']",David Alaux,5.8,962.0,"An adventurous mouse sets off to battle dangerous creatures in Ancient Greece, including Poseidon.",24.023,/gVPw9gRPsZZhzY6cIXp6h6nep5M.jpg,"La vie s’écoule paisiblement à Yolcos, belle et prospère ville portuaire de la Grèce antique, lorsque la population est menacée par la colère de Poséidon. Une jeune souris aventurière et le chat qui l’a adoptée vont alors aider à son insu le vieux Jason et ses Argonautes dans leur quête pour sauver la cité. Mais bien plus qu’un coup de main, l’opération les amènera finalement à affronter les créatures mythiques les plus dangereuses de la mythologie et à surmonter tous les dangers à leur place."
tt23740404,Un homme heureux,2023,89,Comedy,"['Fabrice Luchini', 'Catherine Frot', 'Catherine Frot']","['Jean Leroy', 'Édith', 'Eddy Leroy']",Tristan Séguéla,5.4,559.0,"Jean has been the conservative mayor of a small town for several years. He intends to run for another term. Edith, his wife, is the paragon of the traditional devoted housewife and mother. So it comes as quite a shock when she tells her husband of forty years that deep down, she has always been... A MAN! Totally blindsided, Jean didn't see this coming. For a politician campaigning on family values, this is too much! But Edith, still the loving wife, make a deal with him: she will postpone her transition and stay a woman until after the elections. But as we know, campaigns are all about digging up dirt to keep the rumor mill turning",4.411,/oAqboHimgnlVQfTx913hdqzHiP8.jpg,"Alors que Jean, maire très conservateur d'une petite ville du Nord, est en campagne pour sa réélection, Édith, sa femme depuis quarante ans, lui annonce une nouvelle qu’elle ne peut plus taire… Au plus profond de son être, elle est - et a toujours été - un homme. Jean pense d’abord à une plaisanterie mais réalise rapidement qu’Édith est sérieuse et déterminée à mener sa transition jusqu’au bout. Il comprend alors que son couple, mais aussi sa campagne électorale, risquent d’être sacrément chamboulés…"
tt25750424,Voyages en Italie,2023,91,"Comedy,Romance","['Philippe Katerine', 'Sophie Letourneur']","['Jean-Philippe', 'Sophie']",Sophie Letourneur,6.0,215.0,"A French couple burnt out by the routine of their daily family life decides after much hesitation to travel to Sicily for a short holiday. Voyages en Italie depicts the neuroses and eccentricities of Jean-Philippe and Sophie, the gracious dynamics of their relationship and the depth of their affection and intimacy.",2.137,/ij7pCTFiAIE3fkaDPU90xZ455X5.jpg,"Une escapade romantique peut-elle raviver la flamme dans un couple ? Elle a réussi à le convaincre de partir quelques jours sans enfant. Ce sera où il a envie, sauf en Italie. Il y est déjà allé avec toutes ses ex... L'Espagne ? Les sentiers de l'Aubrac ? Ce sera finalement la Sicile – car selon lui, c'est pas tout à fait l'Italie."
tt26448981,"Orlando, ma biographie politique",2023,98,Documentary,"['Arthur', 'Emma Avena', 'Amir Baylly']","['Orlando', 'Orlando']",Paul B. Preciado,7.0,588.0,"Virginia Woolf’s “Orlando” tells the story of a young man who grows up to become a 36-year-old woman. Almost a century after its publication, Paul B. Preciado speaks to Virginia Woolf to tell her that her fictional character has become a reality. The transition of Orlando’s body now lies at the root of all non-binary bodies and there are Orlandos all over the world. Through the authentic voices of other young bodies undergoing metamorphosis, Preciado retraces the stages of his personal transformation through a poetic journey in which life, writing, theory and image merge freely in the search for truth. Every Orlando, he says, is a transgender person who is risking his, her or their life on a daily basis as they find themselves forced to confront government laws, history and psychiatry, as well as traditional notions of the family and the power of multinational pharmaceutical companies.",2.411,/dsEsYLBgo9pIumB3kgToDWuOg7x.jpg,"Un siècle après la publication de Orlando : une biographie de Virginia Woolf, Paul B. Preciado, philosophe et écrivain adresse une lettre à l’écrivaine anglaise pour lui dire que son personnage est devenu réalité : le monde est en train de devenir Orlandesque. Preciado appelle un casting dans l’espace public et sur les réseaux sociaux : « Qui sont les Orlandos contemporains ». A travers un voyage poétique, une traversée politique, le film brosse le portrait d’un monde en mutation."
tt26456876,The Siren,2023,100,"Animation,Drama,War","['Mina Kavani', 'Hamidreza Djavdan', 'Parviz Sayyad']",['Inconnu'],Sepideh Farsi,6.8,191.0,"November 1980. Southern Iran. We are at the beginning of the Iran-Iraq war. Abadan, the capital of the Iranian petrol industry resists the repeated assaults of the Iraqi army, but is soon under full siege. Omid, a 14-year-old boy, has stayed back in the city, with his grandfather, waiting for his elder brother to come back from the frontline. Along with Omid, we discover several other uncommon characters, each one having stayed for a personal reason. Each one resisting in his own way. But as the Iraqi siege of the city hardens, Omid has to quickly find a way to save those he loves.",1.218,/N0CO2An4yMPHYSyWHdS04Ey04o.jpg,"1980, dans le sud de l’Iran. Les habitants d’Abadan résistent au siège des Irakiens. Il y a là Omid, 14 ans, qui a décidé de rester sur place chez son grand-père, en attendant le retour de son grand frère du front. Mais comment résister en temps de guerre sans prendre les armes ? Omid découvre alors un bateau abandonné dans le port d’Abadan. Aurait-il enfin trouvé le moyen de sauver ceux qu’il aime ?"
tt27052871,Lettres ouvertes,2023,61,Documentary,['Antoine Jaccoud'],['Inconnu'],Katharine Dominice,8.0,1.0,"From 1931 to 2002, Switzerland issued some six million seasonal residence permits, known as ""A"" permits, to immigrant workers. This status carried drastic rules. The workers were not allowed to bring their families, and their stay in Switzerland was limited to nine months per year.  In a series of open letters, former seasonal workers and their children tell of the impact this system had on their lives. It remains tangible and its disclosure questions the apparent indifference of the Swiss towards these human beings who were destined to build their country while at the same time remaining invisible.",1.4,/9Gy8rI4dMdr5iHQHfqmLPW6W7Sg.jpg,"De 1931 à 2002, la Suisse a délivré quelque six millions d’autorisations de séjour saisonnier à des travailleurs immigrés. Ce statut leur interdisait de venir en Suisse avec leur famille. Dans une série de lettres ouvertes, d’anciens saisonniers partagent leurs premières expériences de vie à Genève et l’effet que ce statut a eu sur leur histoire familiale."
tt4264554,Les secrets de mon père,2022,74,"Animation,Drama","['Michèle Bernier', 'Jacques Gamblin', 'Arthur Dupont']","['Lucia Kichka', 'Henri Kichka', 'Michel Kichka (adulte)']",Véra Belmont,6.6,123.0,"Brussels, Belgium, 1959. Michel and Charly Kichka, two Jewish brothers, enjoy a happy childhood with their parents and their two sisters. Henri, their discreet and usually silent father, does not speak at all about his past, so they imagine that as a young man he was an adventurer, a pirate or a treasure hunter.",2.363,/iKkhoBoueG0Kg4OBaVj3hN3yNkG.jpg,"Bruxelles, Belgique, 1959. Michel et Charly Kichka, deux frères juifs, vivent une enfance heureuse avec leurs parents et leurs deux sœurs. Henri, leur père discret et habituellement silencieux, ne parle pas du tout de son passé, alors ils imaginent que dans sa jeunesse, il était un aventurier, un pirate ou un chasseur de trésor."
tt7014378,Le sommet des dieux,2021,95,"Adventure,Animation,Drama","['Lazare Herson-Macarel', 'Eric Herson-Macarel', 'Damien Boisseau']","['Habu jeune', 'Habu adulte', 'Fukamachi']",Patrick Imbert,7.5,9236.0,A photojournalist's obsessive quest for the truth about the first expedition to Mt. Everest leads him to search for an esteemed climber who went missing.,8.336,/iowz7MwaTWMYlfLUE6GeM0m3Hze.jpg,"À Katmandou, le reporter japonais Fukamachi, croit reconnaître Habu Jôji, cet alpiniste que l'on pensait disparu depuis des années. Il semble tenir entre ses mains un appareil photo qui pourrait changer l’histoire de l’alpinisme. Et si George Mallory et Andrew Irvine étaient les premiers hommes à avoir atteint le sommet de l’Everest, le 8 juin 1924 ? Seul le petit Kodak Vest Pocket avec lequel ils devaient se photographier sur le toit du monde pourrait livrer la vérité. 70 ans plus tard, pour tenter de résoudre ce mystère, Fukamachi se lance sur les traces de Habu. Il découvre un monde de passionnés assoiffés de conquêtes impossibles et décide de l’accompagner jusqu’au voyage ultime vers le sommet des dieux."
tt7534136,Petit vampire,2020,85,"Animation,Family,Fantasy","['Camille Cottin', 'Louise Lacoste', 'Louise Lacoste']","['Madame Pandora', 'Petit Vampire', 'Bois Dormante']",Joann Sfar,6.3,565.0,"Little Vampire lives in a haunted house with a merry group of monsters, but he is bored stiff! One night, he secretly sneaks out of the manor along with his trusted bulldog, Phantomato, on a quest to find some new friends.",3.475,/mLd9FVJTwnPO3ERv82ea5IZo6Hl.jpg,"Petit Vampire vit dans une maison hantée avec une joyeuse bande de monstres, mais il s’ennuie terriblement... Cela fait maintenant 300 ans qu’il a 10 ans, alors les bateaux de pirates, et le cinéclub, ça fait bien longtemps que ça ne l’amuse plus. Son rêve ? Aller à l’école pour se faire des copains. Mais ses parents ne l’entendent pas de cette oreille, le monde extérieur est bien trop dangereux. Accompagné par Fantomate, son fidèle bouledogue, Petit Vampire s’échappe du manoir en cachette, déterminé à rencontrer d’autres enfants. Très vite, il se lie d’amitié avec Michel, un petit garçon aussi malin qu’attachant. Mais leur amitié naissante va attirer l’attention du terrifiant Gibbous, un vieil ennemi qui était sur les traces de Petit Vampire et sa famille depuis des années…"
tt8335482,Le prince oublié,2020,101,"Adventure,Comedy,Family","['Omar Sy', 'Omar Sy', 'Bérénice Bejo']","['Le père', 'Le prince', 'La voisine']",Michel Hazanavicius,5.4,1636.0,"Djibi lives alone with Sofia, his 8-year-old daughter. Every night, he invents a story to put him to sleep. When Sofia falls asleep, these extraordinary stories come to life somewhere in an imaginary world inhabited by knights, pirates and other dragons. In this world that belongs only to them, Sofia is always the princess to save, and the brave Prince is none other than Djibi himself.  But 3 years later, the entry of Sofia to the college will mark the end of her childhood. To the despair of her father, she no longer needs her stories at night. On the one hand, Djibi will have to accept that his daughter will grow up and move away from him. On the other hand, in the World of Stories, the Prince will have to face the most epic of all his adventures. Find your destiny in a world where it no longer has a place.",13.671,/iFcSfoMu9hQIX4t0CxIkDJKgIES.jpg,"Sofia, 8 ans, vit seule avec son père. Tous les soirs, il lui invente une histoire pour l’endormir. Ses récits extraordinaires prennent vie dans un monde imaginaire où l’héroïne est toujours la princesse Sofia, et son père, le Prince courageux. Mais trois ans plus tard, quand Sofia rentre au collège, elle n’a plus besoin de ces histoires. Désarmé, son père va devoir accepter que sa fille grandisse et s’éloigne de lui. Dans leur Monde imaginaire, le Prince va alors devoir affronter la plus épique de toutes ses aventures pour conserver une place dans l’histoire."
tt8567862,La traversée,2021,84,"Animation,Drama","['Emilie Lan Dürr', 'Florence Miailhe', 'Maxime Gemin']","['Kyona', 'Kyona âgée', 'Adriel']",Florence Miailhe,7.3,622.0,"In a small town plunged into darkness, two children, Kyona and Adriel, are separated from their parents and, facing the path of exile alone, embark on a heroic journey that will take them from childhood to adolescence, in search of refuge, peace and the hope of finding their family.",2.725,/sHJCOqiapgjm512MiONK81Ztchr.jpg,"Dans une petite ville plongée dans l'obscurité, deux enfants, Kyona et Adriel, sont séparés de leurs parents et, affrontant seuls le chemin de l'exil, entreprennent un voyage héroïque qui les mènera de l'enfance à l'adolescence, à la recherche d'un refuge, de la paix et de l'espoir de retrouver leur famille."
tt9053344,Van Gogh in Love,2021,93,Comedy,"['Frédéric Diefenthal', 'Hande Kodja', 'Steve Driesen']","['Léo', 'Elise', 'Van Gogh']",Jean-Luc Ayach,6.7,57.0,"Van Gogh in Love tells the story of Van Gogh’s longing for love and a family. It explores the lesser-known area of his (not so!) romantic love life. Matters of love were always on his mind, and were inextricably linked with other aspects of his life.",1.048,/Aca4E18Mpm8CgNOSLBLV48qRW3F.jpg,"Léo, un artiste contemporain, veut renouer avec Élise, son ancienne compagne mais Vincent Van Gogh, revenu à notre époque, en est tombé amoureux. Un triangle amoureux suréaliste se dessine et des enjeux artistiques apparaissent en arrière-plan."
tt9719864,"Calamity, une enfance de Martha Jane Cannary",2020,85,"Adventure,Animation,Comedy","['Salomé Boulven', 'Alexandra Lamy', 'Alexis Tomassian']","['Martha Jane Cannary', 'Madame Moustache', 'Samson']",Rémi Chayé,7.1,762.0,"1863, a convoy in the American West, Martha Jane needs to learn how to take care of horses to drive the family wagon. Except she ends up wearing pants and cutting her hair. The scandal that its stark character provokes will force to face all the dangers in a gigantic and wild world where everything is possible.",4.602,/trAkC9cpGWB6Vr5Lmrs47Ts8zif.jpg,"1863, dans un convoi qui progresse vers l’Ouest avec l’espoir d’une vie meilleure, le père de Martha Jane se blesse. C’est elle qui doit conduire le chariot familial et soigner les chevaux. L’apprentissage est rude et pourtant Martha Jane ne s’est jamais sentie aussi libre. Et comme c’est plus pratique pour faire du cheval, elle n’hésite pas à passer un pantalon. C’est l’audace de trop pour Abraham, le chef du convoi. Accusée de vol, Martha est obligée de fuir. Habillée en garçon, à la recherche des preuves de son innocence, elle découvre un monde en construction où sa personnalité unique va s’affirmer. Une aventure pleine de dangers et riche en rencontres qui, étape par étape, révélera la mythique Calamity Jane."
